timestamp,u_propeller_pwm,u_rudder_pwm,x,y,yaw
3.948,1675,1500,1.92345904099582,-1.1508375157682,1.87893821314409
3.965,1675,1500,1.92345904099582,-1.1508375157682,1.87893821314409
3.982,1675,1500,1.92189922571321,-1.15076491744476,1.88523267363526
3.999,1675,1500,1.92188519277295,-1.15076426431105,1.88528930199954
4.016,1675,1500,1.91692066825721,-1.15128354174923,1.8804104848502
4.033,1675,1500,1.91687065557192,-1.15128877295698,1.88036133558205
4.05,1675,1500,1.91593575230008,-1.15124525121408,1.88060957850001
4.067,1675,1500,1.91592633407222,-1.15124481277547,1.88061207930244
4.084,1675,1500,1.91471538050613,-1.15118843603984,1.88085319292584
4.101,1675,1500,1.91466719864995,-1.151186192902,1.88086278644144
4.118,1675,1500,1.91089065842655,-1.15031480673486,1.87784082680656
4.135,1675,1500,1.91055137298057,-1.15023652115419,1.87756933309491
4.152,1675,1500,1.90915501701437,-1.1495088769066,1.87605016474202
4.169,1675,1500,1.90895334550905,-1.14940378542971,1.87583075581194
4.186,1675,1500,1.90895334550905,-1.14940378542971,1.87583075581194
4.203,1675,1500,1.90895334550905,-1.14940378542971,1.87583075581194
4.22,1675,1500,1.90595312383977,-1.14861161055879,1.8780469447357
4.237,1675,1500,1.90546456703304,-1.14848261261531,1.87840782946459
4.254,1675,1500,1.90438088324011,-1.14843208975371,1.87862378484478
4.271,1675,1500,1.90420441591477,-1.14842386259897,1.87865895107001
4.288,1675,1500,1.90420441591477,-1.14842386259897,1.87865895107001
4.305,1675,1500,1.9008998257498,-1.14714528136101,1.87774550439667
4.322,1675,1500,1.89974321919206,-1.14669777792773,1.877425798061
4.339,1675,1500,1.89953610648855,-1.14723032649812,1.877425798061
4.356,1675,1500,1.89945323779783,-1.14744340663286,1.877425798061
4.373,1675,1500,1.89945323779783,-1.14744340663286,1.877425798061
4.39,1675,1500,1.89755586025595,-1.1455835830565,1.87776911406591
4.407,1675,1500,1.89619867726129,-1.14425326219247,1.87801468598472
4.424,1675,1500,1.89481724462152,-1.14420224141206,1.87839146799877
4.441,1675,1500,1.8900002833121,-1.14363184888098,1.87822696401209
4.458,1675,1500,1.88797062468275,-1.14310858371546,1.87747023193871
4.475,1675,1500,1.88738846285998,-1.14308137283422,1.87831981235039
4.492,1675,1500,1.886393039997,-1.14303484567933,1.87977248707527
4.509,1675,1500,1.886393039997,-1.14303484567933,1.87977248707527
4.526,1675,1500,1.886393039997,-1.14303484567933,1.87977248707527
4.543,1675,1500,1.88370417512516,-1.1426284318593,1.87957189772645
4.56,1675,1500,1.8791065573079,-1.14193351578534,1.87922891538705
4.577,1675,1500,1.87852414769623,-1.14190627144724,1.87932157389413
4.594,1675,1500,1.87752830114566,-1.14185968708535,1.87948000818643
4.611,1675,1500,1.87715630585182,-1.14144048678785,1.87755910851215
4.628,1675,1500,1.87324265377186,-1.13975359889686,1.87643742248853
4.645,1675,1500,1.86891329935552,-1.13917273327632,1.88311819580173
4.662,1675,1500,1.8685557930361,-1.13915598706542,1.8832126732898
4.679,1675,1500,1.86701786585113,-1.13908394791087,1.88361909826576
4.696,1675,1500,1.86701786585113,-1.13908394791087,1.88361909826576
4.713,1675,1500,1.86701786585113,-1.13908394791087,1.88361909826576
4.73,1675,1500,1.86681090948149,-1.13900394677755,1.88290411775216
4.747,1675,1500,1.86477529100968,-1.13821705732332,1.87587158455219
4.764,1675,1500,1.86428008572888,-1.13813134519674,1.87596455151364
4.781,1675,1500,1.85774801067342,-1.13712399158857,1.87720069723731
4.798,1675,1500,1.85684223034333,-1.13708303633104,1.87738131523748
4.815,1675,1500,1.85676072988566,-1.13707921411093,1.8776584208615
4.832,1675,1500,1.85494549241919,-1.13699408284481,1.88383031885109
4.849,1675,1500,1.85494549241919,-1.13699408284481,1.88383031885109
4.866,1675,1500,1.85494549241919,-1.13699408284481,1.88383031885109
4.883,1675,1500,1.85434324241152,-1.13690297212088,1.88326056956376
4.9,1675,1500,1.8476396793632,-1.13588883102599,1.87691876761983
4.917,1675,1500,1.8476396793632,-1.13588883102599,1.87691876761983
4.934,1675,1500,1.8476396793632,-1.13588883102599,1.87691876761983
4.951,1675,1500,1.8475656419792,-1.13588535628086,1.87694764691942
4.968,1675,1500,1.84283607668058,-1.13566334810912,1.8775516480775
4.985,1675,1500,1.83024138695689,-1.13507187504741,1.87412115002005
5.002,1675,1500,1.83024138695689,-1.13507187504741,1.87412115002005
5.019,1675,1500,1.83024138695689,-1.13507187504741,1.87412115002005
5.036,1675,1500,1.83022943847467,-1.13507144566291,1.87412564593926
5.053,1675,1500,1.82770998946529,-1.13495294228707,1.87462538465143
5.07,1675,1500,1.82165875310638,-1.13390550517709,1.87208553061039
5.087,1675,1500,1.82165875310638,-1.13390550517709,1.87208553061039
5.104,1675,1500,1.81944286180075,-1.13380132304923,1.86634271425983
5.121,1675,1500,1.81944286180075,-1.13380132304923,1.86634271425983
5.138,1675,1500,1.81754341205276,-1.13371200859442,1.86684957936883
5.155,1675,1500,1.81754341205276,-1.13371200859442,1.86684957936883
5.172,1675,1500,1.8156438567253,-1.13362267989494,1.8671029564418
5.189,1675,1500,1.80967279538963,-1.13334182398536,1.8683592770862
5.206,1675,1500,1.8096279013197,-1.13333971227297,1.86836928540324
5.223,1675,1500,1.8077064730422,-1.13249346195349,1.86266745510212
5.24,1675,1500,1.80768711654845,-1.13248493681664,1.86261001478864
5.257,1675,1500,1.80541693413046,-1.13237809694908,1.86306995026298
5.274,1675,1500,1.80360677098797,-1.13229289780416,1.86336651234618
5.291,1675,1500,1.80356939912419,-1.13229113875456,1.86337218745085
5.308,1675,1500,1.79569589959203,-1.13116518454719,1.85554417115233
5.325,1675,1500,1.79560647218993,-1.1311523959315,1.85545526034993
5.342,1675,1500,1.79347302943356,-1.13105190618153,1.85594622459713
5.359,1675,1500,1.79338814324558,-1.1310479078592,1.85596575925924
5.376,1675,1500,1.79155181416166,-1.13096140382525,1.85621220245123
5.393,1675,1500,1.7914866036118,-1.13095833194904,1.85622095398504
5.41,1675,1500,1.78473719401926,-1.12990533094302,1.85171767184295
5.427,1675,1500,1.78446864608203,-1.12986343376013,1.85153849363285
5.444,1675,1500,1.78446864608203,-1.12986343376013,1.85153849363285
5.461,1675,1500,1.76976882576732,-1.12917028778007,1.85450179379352
5.478,1675,1500,1.76924681510273,-1.12914567322112,1.85460702462309
5.495,1675,1500,1.76706547632923,-1.12830736240113,1.84911095529701
5.512,1675,1500,1.76697868443729,-1.12827400738861,1.84889227571324
5.529,1675,1500,1.75970000884617,-1.12793049787229,1.85601029130837
5.546,1675,1500,1.75904609056436,-1.12789963687981,1.85664977585052
5.563,1675,1500,1.75738229072189,-1.12782109858069,1.85687274982591
5.58,1675,1500,1.75714199309943,-1.12780975552964,1.85690495328861
5.597,1675,1500,1.75714199309943,-1.12780975552964,1.85690495328861
5.614,1675,1500,1.75459087911285,-1.12708386753318,1.85022534837214
5.631,1675,1500,1.75391832462822,-1.12689250045592,1.84846439285789
5.648,1675,1500,1.74562698910276,-1.12650087120482,1.85008723368777
5.665,1675,1500,1.74344113032868,-1.12639762532458,1.85051506595388
5.682,1675,1500,1.74143072533352,-1.12630264150785,1.85092048552887
5.699,1675,1500,1.7409007188726,-1.12627760076399,1.85102736697546
5.716,1675,1500,1.73884854221151,-1.12557484804016,1.85143266976345
5.733,1675,1500,1.73830752341583,-1.12538958015386,1.85153952042129
5.75,1675,1500,1.73327749278348,-1.12460483836254,1.8502469001458
5.767,1675,1500,1.73126490714431,-1.12429085219126,1.84972970468647
5.784,1675,1500,1.7303129939241,-1.12425279359855,1.85394629238327
5.801,1675,1500,1.72524581724595,-1.12303429682549,1.85308590675709
5.818,1675,1500,1.7235275667435,-1.12239234462593,1.85114049381433
5.835,1675,1500,1.71816818286263,-1.12020246436787,1.848131219912
5.852,1675,1500,1.71503380770907,-1.1189217376234,1.8463712800459
5.869,1675,1500,1.71342736168561,-1.11884562481263,1.84669539152491
5.886,1675,1500,1.71248784986607,-1.11880111109459,1.84688494446409
5.903,1675,1500,1.71088128380304,-1.11872498621606,1.84720896263526
5.92,1675,1500,1.70994170177972,-1.11868046544032,1.8473984610044
5.937,1675,1500,1.70901390802585,-1.11863650028824,1.85488022006094
5.954,1675,1500,1.70835026261132,-1.11860505227358,1.86023187830374
5.971,1675,1500,1.69741066331017,-1.11557706029819,1.85361916630202
5.988,1675,1500,1.68824317268744,-1.11303957356985,1.84807764932339
6.005,1675,1500,1.68702897411085,-1.11298192297227,1.84478867424621
6.022,1675,1500,1.68601146389328,-1.11293361121074,1.84203248114001
6.039,1675,1500,1.68164012239461,-1.11230724116069,1.83791121965792
6.056,1675,1500,1.67797689569913,-1.11178233696611,1.83445756244884
6.073,1675,1500,1.67641381324799,-1.11209297093032,1.83940331077684
6.09,1675,1500,1.67485073079684,-1.11240360489453,1.84434905910484
6.107,1675,1500,1.67392341257128,-1.11204161003265,1.84335639327954
6.124,1675,1500,1.67166850364968,-1.11147468397032,1.84199715387981
6.141,1675,1500,1.67048150099938,-1.11141657825562,1.8422182899623
6.158,1675,1500,1.66977455057108,-1.11139097897123,1.84244701806108
6.175,1675,1500,1.66968306492029,-1.11138832609414,1.84248372594149
6.192,1675,1500,1.66968306492029,-1.11138832609414,1.84248372594149
6.209,1675,1500,1.66968306492029,-1.11138832609414,1.84248372594149
6.226,1675,1500,1.66940692805883,-1.11137520530628,1.84233950213358
6.243,1675,1500,1.66074899542604,-1.11096381909453,1.83781754151485
6.26,1675,1500,1.66074899542604,-1.11096381909453,1.83781754151485
6.277,1675,1500,1.66074899542604,-1.11096381909453,1.83781754151485
6.294,1675,1500,1.65891856369885,-1.11087683473437,1.83417361361479
6.311,1675,1500,1.65787683441789,-1.11082733048157,1.83209979335981
6.328,1675,1500,1.6558574325431,-1.11091322813253,1.83338674884684
6.345,1675,1500,1.64932678660357,-1.11119101689387,1.83754869933855
6.362,1675,1500,1.64932678660357,-1.11119101689387,1.83754869933855
6.379,1675,1500,1.64813927636052,-1.11135016610892,1.83727170655514
6.396,1675,1500,1.64084678976618,-1.11232749958797,1.83557069709308
6.413,1675,1500,1.63999758046526,-1.1122871561744,1.83575168204846
6.43,1675,1500,1.63478259602288,-1.11203940774076,1.83686310855502
6.447,1675,1500,1.63043661441632,-1.11129340383544,1.8350182892107
6.464,1675,1500,1.6037479919051,-1.10671220252732,1.82368927506864
6.481,1675,1500,1.6033348218836,-1.10659520537452,1.82407460181008
6.498,1675,1500,1.60047406858258,-1.10578512726224,1.82674257066113
6.515,1675,1500,1.60047406858258,-1.10578512726224,1.82674257066113
6.532,1675,1500,1.59997240977421,-1.10564307451683,1.82658414422092
6.549,1675,1500,1.58736422961694,-1.10207286588872,1.82260241586991
6.566,1675,1500,1.587266211887,-1.10206819769796,1.82262234601675
6.583,1675,1500,1.58480273436606,-1.10195087215902,1.8231232499731
6.6,1675,1500,1.58467411377083,-1.10188559132259,1.82289479248929
6.617,1675,1500,1.58144149508754,-1.10024488944951,1.8171529754097
6.634,1675,1500,1.58144149508754,-1.10024488944951,1.8171529754097
6.651,1675,1500,1.56870455234382,-1.09663824169485,1.81959851392175
6.668,1675,1500,1.56829831917673,-1.09652321095557,1.81967651214118
6.685,1675,1500,1.56503201530874,-1.0963674616621,1.81422410386441
6.702,1675,1500,1.5647707109993,-1.09635500171863,1.81378791120227
6.719,1675,1500,1.55639690936145,-1.09524919289901,1.82146545688055
6.736,1675,1500,1.55230011333796,-1.09498480221069,1.8227863892271
6.753,1675,1500,1.55217621973034,-1.09497980621463,1.82280415490021
6.77,1675,1500,1.54937226035662,-1.09484609544288,1.82348666608553
6.787,1675,1500,1.54896729291175,-1.09482678399704,1.82358523912957
6.804,1675,1500,1.54515772634843,-1.09264496906061,1.81294185597901
6.821,1675,1500,1.54453737562758,-1.09228968179995,1.81120868494763
6.838,1675,1500,1.53437432598996,-1.09180481617244,1.80789985884872
6.855,1675,1500,1.53201182501756,-1.09169210438245,1.80713068963723
6.872,1675,1500,1.52966743644916,-1.09158027149123,1.80766453868258
6.889,1675,1500,1.52609443825213,-1.09140983962517,1.80835476640102
6.906,1675,1500,1.52558673160091,-1.09138562279197,1.80844301042033
6.923,1675,1500,1.51112597823687,-1.09069603447628,1.80542923395023
6.94,1675,1500,1.50534002847251,-1.09042012054205,1.804223379814
6.957,1675,1500,1.50297728629191,-1.08975306527149,1.80005886949097
6.974,1675,1500,1.50203192008456,-1.08948616712391,1.79839259063844
6.991,1675,1500,1.49968345512995,-1.08937419586259,1.79891768052091
7.008,1675,1500,1.49849466605168,-1.08931751619519,1.7991834801515
7.025,1675,1500,1.49106592559771,-1.0893795602096,1.80074514043691
7.042,1675,1500,1.48201739788025,-1.08891560470745,1.80246990641549
7.059,1675,1500,1.48112486242035,-1.08848961484799,1.80260703188044
7.076,1675,1500,1.48112486242035,-1.08848961484799,1.80260703188044
7.093,1675,1500,1.48112486242035,-1.08848961484799,1.80260703188044
7.11,1675,1500,1.47705010803219,-1.08807349782443,1.79823508353766
7.127,1675,1500,1.46686612430853,-1.08703350164518,1.78730832660404
7.144,1675,1500,1.46686612430853,-1.08703350164518,1.78730832660404
7.161,1675,1500,1.46686612430853,-1.08703350164518,1.78730832660404
7.178,1675,1500,1.46592208475447,-1.08678704886728,1.7888447397269
7.195,1675,1500,1.46322482888574,-1.08608289807328,1.79323449150648
7.212,1675,1500,1.46322482888574,-1.08608289807328,1.79323449150648
7.229,1675,1500,1.46237660481022,-1.08571803246518,1.79339988927254
7.246,1675,1500,1.45915914607303,-1.08433403491951,1.79402727123785
7.263,1675,1500,1.45631424262457,-1.08403617436363,1.79349853553985
7.28,1675,2000,1.44552303812932,-1.08290633842091,1.79149295076539
7.297,1675,2000,1.44458377326914,-1.08237422190772,1.7905381649368
7.314,1675,2000,1.44102098129218,-1.080355813124,1.78691649927677
7.331,1675,2000,1.43873387354437,-1.07975891269294,1.78596412839682
7.348,1675,2000,1.43005848337513,-1.07749476744807,1.78235162304928
7.365,1675,2000,1.42934060415804,-1.07713497233801,1.78223841653751
7.382,1675,2000,1.42661756572288,-1.07577020805711,1.78180900491045
7.399,1675,2000,1.42605424013014,-1.07575183402437,1.78197526639756
7.416,1675,2000,1.42129345308033,-1.0752005871811,1.78169625665693
7.433,1675,2000,1.4183275780465,-1.07381332150583,1.77778303054167
7.45,1675,2000,1.41409526360915,-1.07251555945375,1.77777670082536
7.467,1675,2000,1.38810466986234,-1.06454601778216,1.77773783011113
7.484,1675,2000,1.38810466986234,-1.06454601778216,1.77773783011113
7.501,1675,2000,1.38761408925084,-1.0645226315993,1.77783857172429
7.518,1675,2000,1.38421735175604,-1.06436070770276,1.77853609789372
7.535,1675,2000,1.38380619987411,-1.06413876137994,1.77808441721758
7.552,1675,2000,1.37422379592325,-1.06035255769219,1.77331543202726
7.569,1675,2000,1.36471906375559,-1.05872099850593,1.77619399679887
7.586,1675,2000,1.36471906375559,-1.05872099850593,1.77619399679887
7.603,1675,2000,1.36471906375559,-1.05872099850593,1.77619399679887
7.62,1675,2000,1.36468228866619,-1.05871140560944,1.7761239795109
7.637,1675,2000,1.36103179815964,-1.05775916380293,1.76917369198643
7.654,1675,2000,1.36103179815964,-1.05775916380293,1.76917369198643
7.671,1675,2000,1.36103179815964,-1.05775916380293,1.76917369198643
7.688,1675,2000,1.35713708349055,-1.05757359210531,1.76997490263079
7.705,1675,2000,1.35713708349055,-1.05757359210531,1.76997490263079
7.722,1675,2000,1.34167039663011,-1.05450017612826,1.7601500224052
7.739,1675,2000,1.34151458502317,-1.05446921449527,1.76005104643253
7.756,1675,2000,1.34151458502317,-1.05446921449527,1.76005104643253
7.773,1675,2000,1.33809437403212,-1.0543064036159,1.75377712763933
7.79,1675,2000,1.33794081353864,-1.05429909373969,1.75349544148943
7.807,1675,2000,1.33794081353864,-1.05429909373969,1.75349544148943
7.824,1675,2000,1.32100072353493,-1.05417062041192,1.73822271587044
7.841,1675,2000,1.31824219526923,-1.05414969978481,1.73573570161579
7.858,1675,2000,1.31824219526923,-1.05414969978481,1.73573570161579
7.875,1675,2000,1.31824219526923,-1.05414969978481,1.73573570161579
7.892,1675,2000,1.31824219526923,-1.05414969978481,1.73573570161579
7.909,1675,2000,1.31824219526923,-1.05414969978481,1.73573570161579
7.926,1675,2000,1.30939513177405,-1.05310647751485,1.72598936029807
7.943,1675,2000,1.30706276549767,-1.05283145106765,1.72341991589203
7.96,1675,2000,1.28611579131343,-1.05433086150985,1.69866219008064
7.977,1675,2000,1.2805935051666,-1.05472615361459,1.69213526905269
7.994,1675,2000,1.27791533782704,-1.05397672306329,1.68777979763188
8.011,1675,2000,1.2772092880526,-1.05377914942258,1.68663155735248
8.028,1675,2000,1.26881927187288,-1.05338261509708,1.67783618931928
8.045,1675,2000,1.26189665905356,-1.05305562740754,1.66150123306834
8.062,1675,2000,1.26126953247495,-1.05302602073015,1.65889577580284
8.079,1675,2000,1.26126953247495,-1.05302602073015,1.65889577580284
8.096,1675,2000,1.26126953247495,-1.05302602073015,1.65889577580284
8.113,1675,2000,1.2562915549396,-1.05222868824003,1.65601661886553
8.13,1675,2000,1.2542997964729,-1.05190966435398,1.65486462788806
8.147,1675,2000,1.24583096297389,-1.05094767920169,1.64079458242376
8.164,1675,2000,1.24244246419002,-1.0505627754816,1.63516496035711
8.181,1675,2000,1.24038777135095,-1.05046596889508,1.63551601524294
8.198,1675,2000,1.23918610744216,-1.05040935265593,1.63572132572939
8.215,1675,2000,1.23918610744216,-1.05040935265593,1.63572132572939
8.232,1675,2000,1.23460330228196,-1.04933573628684,1.62466720420129
8.249,1675,2000,1.23076286698124,-1.04843603532659,1.61540374283842
8.266,1675,2000,1.22354904511746,-1.04669215274428,1.60638358477879
8.283,1675,2000,1.21860327259686,-1.04549655258702,1.60019939410909
8.3,1675,2000,1.21757242922436,-1.04491804416886,1.60187628603754
8.317,1675,2000,1.21334164970252,-1.04287279543327,1.59746605196431
8.334,1675,2000,1.21117848785204,-1.04198680918353,1.58656679902656
8.351,1675,2000,1.20782049052847,-1.04182900389913,1.58407649703275
8.368,1675,2000,1.19942788895553,-1.04143460308505,1.5778525157676
8.385,1675,2000,1.19728967933481,-1.04030813497353,1.57231116845134
8.402,1675,2000,1.1911805089899,-1.0370896546549,1.55647874754772
8.419,1675,2000,1.1911805089899,-1.0370896546549,1.55647874754772
8.436,1675,2000,1.18663471377464,-1.03577438942078,1.54856874031137
8.453,1675,2000,1.15516002299071,-1.02666760731062,1.49380053803355
8.47,1675,2000,1.15516002299071,-1.02666760731062,1.49380053803355
8.487,1675,2000,1.15516002299071,-1.02666760731062,1.49380053803355
8.504,1675,2000,1.15478185262305,-1.02664990665043,1.49320764220459
8.521,1675,2000,1.15057248961712,-1.02645288300566,1.48660819924907
8.538,1675,2000,1.15031652845177,-1.02637530884805,1.48665436782872
8.555,1675,2000,1.14746745948049,-1.02551184143444,1.48716826401901
8.572,1675,2000,1.14649666150508,-1.02520380604436,1.48551132241922
8.589,1675,2000,1.13569084107751,-1.02177510594941,1.46706813048874
8.606,1675,2000,1.13540824626812,-1.02156466118895,1.46576330053753
8.623,1675,2000,1.13226272182188,-1.0192222291392,1.4512394155498
8.64,1675,2000,1.13223173351303,-1.01921629344088,1.45119930763422
8.657,1675,2000,1.12758852144285,-1.01813549513013,1.44491704013736
8.674,1675,2000,1.12390359807579,-1.01643638733141,1.43904443756388
8.691,1675,2000,1.12390359807579,-1.01643638733141,1.43904443756388
8.708,1675,2000,1.10864033784023,-1.00852204636149,1.40027701052916
8.725,1675,2000,1.10864033784023,-1.00852204636149,1.40027701052916
8.742,1675,2000,1.10469272239341,-1.00673422567309,1.38330865342904
8.759,1675,2000,1.10469272239341,-1.00673422567309,1.38330865342904
8.776,1675,2000,1.10137533696397,-1.00523479702322,1.37652623331144
8.793,1675,2000,1.08989434800664,-0.999775062518259,1.35134470489668
8.81,1675,2000,1.0895316502599,-0.999600953243883,1.35053884078104
8.827,1675,2000,1.08572081888897,-0.997875419102239,1.34287147426599
8.844,1675,2000,1.08556919215929,-0.997806762928984,1.34256640232846
8.861,1675,2000,1.08556919215929,-0.997806762928984,1.34256640232846
8.878,1675,2000,1.08556919215929,-0.997806762928984,1.34256640232846
8.895,1675,2000,1.07130136027835,-0.99122402297055,1.31138600340083
8.912,1675,2000,1.07001953421096,-0.990632627743584,1.30858474750782
8.929,1675,2000,1.06715910641401,-0.989339568124201,1.30124538415955
8.946,1675,2000,1.04819103326825,-0.980505060389243,1.25739337144844
8.963,1675,2000,1.04677159689867,-0.979840820397569,1.25416816141442
8.98,1675,2000,1.04677159689867,-0.979840820397569,1.25416816141442
8.997,1675,2000,1.0439804276239,-0.979721260451999,1.25484079725937
9.014,1675,2000,1.02937375392969,-0.975075886762767,1.23538227560887
9.031,1675,2000,1.02681337140322,-0.974042587317069,1.23083348879277
9.048,1675,2000,1.02681337140322,-0.974042587317069,1.23083348879277
9.065,1675,2000,1.02384160448574,-0.973324118319652,1.21541336784659
9.082,1675,2000,1.02265255895934,-0.973036648820544,1.20924356168859
9.099,1675,2000,1.01874663305378,-0.971527678331287,1.20511787975608
9.116,1675,2000,1.01547342915238,-0.970263146383687,1.20166051816654
9.133,1675,2000,1.01356802511972,-0.969731906977518,1.19975387300964
9.15,1675,2000,1.01197127800667,-0.969286723187837,1.19815608582242
9.167,1675,2000,1.00952278066564,-0.968730215752494,1.19114008090617
9.184,1675,2000,1.00747091607757,-0.968263857108584,1.18526060054239
9.201,1675,2000,1.00460204030219,-0.966775273232472,1.17873328702976
9.218,1675,2000,0.995429548588661,-0.962392863178064,1.15544010849291
9.235,1675,2000,0.992369989608323,-0.961038330573252,1.14690010845964
9.252,1675,2000,0.991156038852455,-0.960982231382419,1.13904351317642
9.269,1675,2000,0.98970742707994,-0.960915288017645,1.12966820996568
9.286,1675,2000,0.987857304195491,-0.960012413554959,1.13011266383005
9.303,1675,2000,0.98600718131104,-0.959109539092273,1.13055711769441
9.32,1675,2000,0.980218939998959,-0.955724088379152,1.09981576476056
9.337,1675,2000,0.975368337477799,-0.952887047751621,1.07405421198397
9.354,1675,2000,0.973246076713491,-0.951450299233903,1.07940773748574
9.371,1675,2000,0.971467601549986,-0.950246290000948,1.08389404392941
9.388,1675,2000,0.969627753912861,-0.949268046593206,1.06513922240737
9.405,1675,2000,0.968085943696939,-0.948448269102243,1.04942249954565
9.422,1675,2000,0.967063422886253,-0.94757719821711,1.05391450376368
9.439,1675,2000,0.949265078182201,-0.932980362477532,1.00333405031873
9.456,1675,2000,0.933785151121252,-0.920432961998877,0.936579719998222
9.473,1675,2000,0.931894027453069,-0.918829491043389,0.933096925691713
9.49,1675,2000,0.929637342825814,-0.916916063425524,0.928940894807208
9.507,1675,2000,0.929637342825814,-0.916916063425524,0.928940894807208
9.524,1675,2000,0.922691749444382,-0.910757026982983,0.900489570704038
9.541,1675,2000,0.915746156062952,-0.904597990540445,0.872038246600876
9.558,1675,2000,0.915746156062952,-0.904597990540445,0.872038246600876
9.575,1675,2000,0.915746156062952,-0.904597990540445,0.872038246600876
9.592,1675,2000,0.912852524026284,-0.902370017039077,0.86308559300454
9.609,1675,2000,0.908807150290812,-0.899255251453283,0.850569547680717
9.626,1675,2000,0.908807150290812,-0.899255251453283,0.850569547680717
9.643,1675,2000,0.906267350483397,-0.896961537419481,0.836625081761614
9.66,1675,2000,0.899010779605071,-0.890408068751476,0.796783750564188
9.677,1675,2000,0.898275846231619,-0.889671789767344,0.796945454728448
9.694,1675,2000,0.895488118469685,-0.886878957874363,0.797558826231513
9.711,1675,2000,0.895488118469685,-0.886878957874363,0.797558826231513
9.728,1675,2000,0.895488118469685,-0.886878957874363,0.797558826231513
9.745,1675,2000,0.895189214367959,-0.886690135463287,0.791230681798339
9.762,1675,2000,0.889256425563241,-0.882367853503559,0.745411510007064
9.779,1675,2000,0.879387422892669,-0.874314549951077,0.726159995359768
9.796,1675,2000,0.879387422892669,-0.874314549951077,0.726159995359768
9.813,1675,2000,0.879387422892669,-0.874314549951077,0.726159995359768
9.83,1675,2000,0.878805004792853,-0.87393432328589,0.719209225777296
9.847,1675,2000,0.876595793503013,-0.872492058628091,0.692843770034227
9.864,1675,2000,0.87592557745088,-0.871753654566889,0.692961352585126
9.881,1675,2000,0.873383333538013,-0.868952761893765,0.693407363275757
9.898,1675,2000,0.87121633164791,-0.86715630436577,0.687411775847386
9.915,1675,2000,0.859171277805597,-0.857221599943961,0.661704895131316
9.932,1675,2000,0.856952924879172,-0.855434188934558,0.662293748275545
9.949,1675,2000,0.856261394919467,-0.854779941534655,0.660017892307725
9.966,1675,2000,0.83888118715562,-0.838336755553045,0.602818852690991
9.983,1675,2000,0.83888118715562,-0.838336755553045,0.602818852690991
10,1675,2000,0.838509761766747,-0.837990334101123,0.600172480690546
10.017,1675,2000,0.829174735370878,-0.829283731120626,0.533661269509181
10.034,1675,2000,0.829157731986483,-0.829258272427497,0.533419457415232
10.051,1675,2000,0.827981725005434,-0.827530865184617,0.518772311303968
10.068,1675,2000,0.826117951396382,-0.824946673162037,0.505104843162113
10.085,1675,2000,0.824083095964566,-0.822552969567742,0.505208297522582
10.102,1675,2000,0.821680559786741,-0.819938500447067,0.505587235328064
10.119,1675,2000,0.819865515180075,-0.818027005820803,0.505929157565496
10.136,1675,2000,0.819455115750048,-0.817601501829143,0.506012329454909
10.153,1675,2000,0.819455115750048,-0.817601501829143,0.506012329454909
10.17,1675,2000,0.819455115750048,-0.817601501829143,0.506012329454909
10.187,1675,2000,0.819455115750048,-0.817601501829143,0.506012329454909
10.204,1675,2000,0.819455115750048,-0.817601501829143,0.506012329454909
10.221,1675,2000,0.811633244015509,-0.80977797090803,0.476495314563489
10.238,1675,2000,0.810359528570927,-0.808503985281113,0.471688756872295
10.255,1675,2000,0.810359528570927,-0.808503985281113,0.471688756872295
10.272,1675,2000,0.807863988468071,-0.806007955893755,0.455897393538532
10.289,1675,2000,0.80488605155069,-0.803029435111431,0.437053503274628
10.306,1675,2000,0.800714508256499,-0.798857140367626,0.423792709311817
10.323,1675,2000,0.795736590745174,-0.793878326148793,0.407968556516023
10.34,1675,2000,0.795736590745174,-0.793878326148793,0.407968556516023
10.357,1675,2000,0.793649801469537,-0.791791195975854,0.409858186903025
10.374,1675,2000,0.789311805013236,-0.787452490865689,0.413786331454195
10.391,1675,2000,0.789311805013236,-0.787452490865689,0.413786331454195
10.408,1675,2000,0.788875649200875,-0.787070654418074,0.410901940714457
10.425,1675,2000,0.784020858084532,-0.782820484774014,0.378796179097849
10.442,1675,2000,0.781277863140613,-0.779609245574165,0.369324622575425
10.459,1675,2000,0.746990426341618,-0.739468755576053,0.250930166045119
10.476,1675,2000,0.7468894797099,-0.739310377882135,0.250939981719152
10.493,1675,2000,0.744641122912548,-0.73578287469942,0.251158603549882
10.51,1675,2000,0.744353048766725,-0.73539206398117,0.249998557699484
10.527,1675,2000,0.737112887389009,-0.725569826514531,0.22084315002327
10.544,1675,2000,0.737021701391441,-0.725449704137755,0.219411300127901
10.561,1675,2000,0.734990740536515,-0.722774251200481,0.187520097912873
10.578,1675,2000,0.734790990123846,-0.722420130682316,0.186459642644204
10.595,1675,2000,0.729770667252251,-0.713520027233781,0.159807242939626
10.612,1675,2000,0.729770667252251,-0.713520027233781,0.159807242939626
10.629,1675,2000,0.72950704517921,-0.713126973815357,0.158649554171342
10.646,1675,2000,0.722881437226437,-0.703248370612944,0.129553386989702
10.663,1675,2000,0.722808924159337,-0.703175595116914,0.128392909259769
10.68,1675,2000,0.720986454786743,-0.701346530123593,0.0992266471643752
10.697,1675,2000,0.720908598221787,-0.701203948630624,0.0991683612954735
10.714,1675,2000,0.718951830831271,-0.697620451001495,0.0977034637924934
10.731,1675,2000,0.718874907217294,-0.6974950207483,0.0969173575354748
10.748,1675,2000,0.710324551663626,-0.683552965681723,0.00953862358217524
10.765,1675,2000,0.710324551663626,-0.683552965681723,0.00953862358217524
10.782,1675,2000,0.708538754029829,-0.68075191929175,0.0101702466169987
10.799,1675,2000,0.708522688030356,-0.680726719566442,0.0101759290387653
10.816,1675,2000,0.708522688030356,-0.680726719566442,0.0101759290387653
10.833,1675,2000,0.707047618546591,-0.678413048097235,-0.0180275553507383
10.85,1675,2000,0.7003064058324,-0.667839270581368,-0.0188740680645463
10.867,1675,2000,0.700087282759709,-0.667495569622822,-0.0188631000979793
10.884,1675,2000,0.697638360407502,-0.663159443833969,-0.0188626635944317
10.901,1675,2000,0.697418348528034,-0.662769885061901,-0.018862624378829
10.918,1675,2000,0.696206880385409,-0.660422178184519,-0.0426078438522863
10.935,1675,2000,0.695956444940725,-0.659936858764934,-0.0475164703268289
10.952,1675,2000,0.693955859594632,-0.65765298283744,-0.0475330489831161
10.969,1675,2000,0.693428441904368,-0.657050880773221,-0.0475374196422454
10.986,1675,2000,0.683609902370219,-0.638504380528845,-0.0869150464102443
11.003,1675,2000,0.677318839068493,-0.627862609288954,-0.103993704327385
11.02,1675,2000,0.677012788209954,-0.627499668955127,-0.103770835835779
11.037,1675,2000,0.675860368519509,-0.625071409356026,-0.121517155935471
11.054,1675,2000,0.672953218399227,-0.619983448296425,-0.132013459810589
11.071,1675,2000,0.672199580802494,-0.618855003583241,-0.132032160858353
11.088,1675,2000,0.66872887546707,-0.612586595508867,-0.132159615622007
11.105,1675,2000,0.665258170131647,-0.606318187434494,-0.13228707038566
11.122,1675,2000,0.664744245440758,-0.605730066573941,-0.144298997532083
11.139,1675,2000,0.662457935712922,-0.602251011002378,-0.16016129634699
11.156,1675,2000,0.661546063614142,-0.600487751570229,-0.160533789069679
11.173,1675,2000,0.661546063614142,-0.600487751570229,-0.160533789069679
11.19,1675,2000,0.661546063614142,-0.600487751570229,-0.160533789069679
11.207,1675,2000,0.65881013669705,-0.595593784182039,-0.170464565493324
11.224,1675,2000,0.652184632352367,-0.58412397492673,-0.18760308204529
11.241,1675,2000,0.651439341786018,-0.582967477945102,-0.187649234631843
11.258,1675,2000,0.65055401574294,-0.581171017150365,-0.188233768221464
11.275,1675,2000,0.649040220523116,-0.578099297093176,-0.189233246504873
11.292,1675,2000,0.646997980610085,-0.57448352504596,-0.189325172224478
11.309,1675,2000,0.643506009440534,-0.568301013547687,-0.189482353543161
11.326,1675,2000,0.643058020852115,-0.567481856881449,-0.189203124317614
11.343,1675,2000,0.641358723650386,-0.564374655790393,-0.188143960191833
11.36,1675,2000,0.640910053713365,-0.563554249129661,-0.188475322769027
11.377,1675,2000,0.639208172040061,-0.560442306596078,-0.189732237598422
11.394,1675,2000,0.638965612069064,-0.559830649652871,-0.195231069261436
11.411,1675,2000,0.638045540686394,-0.557510530438054,-0.216089076584161
11.428,1675,2000,0.635657948027944,-0.552485450925977,-0.227746857915355
11.445,1675,2000,0.625414121665243,-0.530471740340006,-0.272167232398875
11.462,1675,2000,0.624797230706814,-0.528904628521549,-0.272259517849017
11.479,1675,2000,0.624797230706814,-0.528904628521549,-0.272259517849017
11.496,1675,2000,0.624797230706814,-0.528904628521549,-0.272259517849017
11.513,1675,2000,0.624511431966929,-0.528032961872182,-0.275728927644411
11.53,1675,2000,0.622532586344034,-0.521997617789063,-0.299750819379913
11.547,1675,2000,0.622315295896288,-0.521303981252435,-0.301138704460194
11.564,1675,2000,0.619020361733297,-0.510582768344761,-0.330627454348806
11.581,1675,2000,0.618350694889892,-0.508145638444475,-0.353911769014637
11.598,1675,2000,0.618326395359463,-0.508060943651517,-0.35380644053004
11.615,1675,2000,0.617044004999082,-0.503334557552545,-0.35289921972459
11.632,1675,2000,0.615154173961542,-0.495250492183787,-0.396630546327108
11.649,1675,2000,0.615141916877371,-0.495206057925853,-0.396662526952504
11.666,1675,2000,0.613779494829156,-0.490267019255505,-0.40021729646764
11.683,1675,2000,0.613779494829156,-0.490267019255505,-0.40021729646764
11.7,1675,2000,0.613320382873841,-0.48728995135384,-0.425407447790255
11.717,1675,2000,0.613320382873841,-0.48728995135384,-0.425407447790255
11.734,1675,2000,0.613320382873841,-0.48728995135384,-0.425407447790255
11.751,1675,2000,0.608995039390621,-0.474238011224877,-0.426178908419702
11.768,1675,2000,0.608995039390621,-0.474238011224877,-0.426178908419702
11.785,1675,2000,0.608261164501719,-0.470273164090462,-0.430012556490276
11.802,1675,2000,0.608254562167078,-0.470237494185446,-0.430047046057693
11.819,1675,2000,0.608169122883197,-0.467441852398262,-0.451062552991735
11.836,1675,2000,0.606968853352778,-0.464236874381376,-0.451567591815113
11.853,1675,2000,0.60695744714374,-0.464216369490372,-0.451568535674674
11.87,1675,2000,0.603282979414142,-0.452200068544272,-0.476252610780357
11.887,1675,2000,0.603245962777886,-0.452079016170432,-0.476501278477762
11.904,1675,2000,0.603245962777886,-0.452079016170432,-0.476501278477762
11.921,1675,2000,0.602084382618531,-0.44913946889686,-0.476765654069241
11.938,1675,2000,0.602038165249228,-0.449022509132324,-0.476776173140394
11.955,1675,2000,0.595383036706324,-0.427453284290855,-0.485845365818719
11.972,1675,2000,0.595118240057422,-0.426595080212508,-0.486206214119993
11.989,1675,2000,0.595118240057422,-0.426595080212508,-0.486206214119993
12.006,1675,2000,0.591907344312467,-0.412519173954923,-0.509362926204103
12.023,1675,2000,0.591618876527039,-0.411254590540033,-0.511443331792849
12.04,1675,2000,0.591618876527039,-0.411254590540033,-0.511443331792849
12.057,1675,2000,0.591618876527039,-0.411254590540033,-0.511443331792849
12.074,1675,2000,0.590495854365905,-0.408406308435477,-0.529285887287767
12.091,1675,2000,0.590394961736078,-0.408150417962464,-0.530888867539638
12.108,1675,2000,0.589906113689358,-0.405471351658761,-0.534239337850975
12.125,1675,2000,0.586854911692736,-0.392797808785909,-0.540246935188359
12.142,1675,2000,0.586298506187841,-0.390631080114722,-0.540979876358495
12.159,1675,2000,0.5859980975365,-0.38950575941155,-0.540979876358495
12.176,1675,2000,0.584641524527427,-0.385534137598387,-0.541174606286001
12.193,1675,2000,0.584207799098391,-0.384388904838655,-0.541273178253437
12.21,1675,2000,0.584207799098391,-0.384388904838655,-0.541273178253437
12.227,1675,2000,0.584207799098391,-0.384388904838655,-0.541273178253437
12.244,1675,2000,0.583190311273389,-0.378354639167086,-0.544308239598221
12.261,1675,2000,0.582462508217387,-0.374038364427896,-0.546479201124843
12.278,1675,2000,0.582432474598512,-0.372893401022055,-0.557213421027219
12.295,1675,2000,0.581759693933539,-0.369108628095699,-0.573510543977526
12.312,1675,2000,0.581111741769341,-0.367793983099561,-0.575183113070608
12.329,1675,2000,0.580773594252703,-0.361651761720079,-0.586125487590641
12.346,1675,2000,0.58037008161343,-0.354322227011442,-0.599183062185301
12.363,1675,2000,0.58037008161343,-0.354322227011442,-0.599183062185301
12.38,1675,2000,0.58037008161343,-0.354322227011442,-0.599183062185301
12.397,1675,2000,0.579763227172674,-0.353347227426713,-0.588726751391671
12.414,1675,2000,0.579039065601183,-0.352183756940114,-0.576249198377666
12.431,1675,2000,0.578854875683315,-0.350282190929584,-0.580844790390087
12.448,1675,2000,0.578635081196502,-0.348013045417911,-0.586328726751334
12.465,1675,2000,0.578081862474442,-0.336090868746195,-0.620836954654091
12.482,1675,2000,0.577421704597627,-0.321864092744639,-0.662015746254104
12.499,1675,2000,0.577581555095046,-0.319958104980516,-0.662203618669183
12.516,1675,2000,0.57777230526451,-0.31768368297449,-0.662427807493069
12.533,1675,2000,0.577529265930012,-0.317196353410084,-0.662427807493069
12.55,1675,2000,0.577265606989976,-0.310789745748061,-0.670823461679889
12.567,1675,2000,0.577395756455295,-0.303976967108989,-0.685178965253598
12.584,1675,2000,0.577244923468744,-0.302410095475922,-0.687337298062552
12.601,1675,2000,0.576987018196649,-0.299730943759151,-0.691027773356402
12.618,1675,2000,0.576987018196649,-0.299730943759151,-0.691027773356402
12.635,1675,2000,0.576987018196649,-0.299730943759151,-0.691027773356402
12.652,1675,2000,0.577063267179881,-0.296055201811948,-0.701213588124993
12.669,1675,2000,0.577183078786415,-0.285629982860936,-0.719133614633702
12.686,1675,2000,0.577165014862887,-0.283834646547071,-0.719282853341686
12.703,1675,2000,0.577165014862887,-0.283834646547071,-0.719282853341686
12.72,1675,2000,0.577165014862887,-0.283834646547071,-0.719282853341686
12.737,1675,2000,0.577072948798865,-0.282309021111365,-0.719404712260344
12.754,1675,2000,0.576842849212929,-0.278496044149906,-0.719709272762888
12.771,1675,2000,0.57684921622354,-0.276856034568676,-0.722415510894366
12.788,1675,2000,0.576707620485215,-0.267115953758902,-0.73778117737379
12.805,1675,2000,0.57607891420808,-0.264570313196489,-0.741306218622169
12.822,1675,2000,0.57607891420808,-0.264570313196489,-0.741306218622169
12.839,1675,2000,0.57607891420808,-0.264570313196489,-0.741306218622169
12.856,1675,2000,0.576112370325778,-0.264166276536608,-0.742098404132215
12.873,1675,2000,0.576344017575497,-0.261368761837216,-0.747583427718073
12.89,1675,2000,0.57636109417392,-0.260526807913594,-0.747615738204783
12.907,1675,2000,0.576478131248417,-0.248674674925786,-0.749143409614089
12.924,1675,2000,0.575665130439635,-0.246281616136432,-0.754683424574005
12.941,1675,2000,0.575689468312923,-0.245213772848845,-0.759022494057634
12.958,1675,2000,0.575960369875348,-0.233327754230474,-0.80732008722356
12.975,1675,2000,0.576138824579473,-0.232710833299404,-0.806817592009802
12.992,1675,2000,0.578125179656491,-0.225843970195066,-0.801224386025563
13.009,1675,2000,0.578132718961259,-0.225732029673277,-0.80232662035807
13.026,1675,2000,0.578391618242889,-0.223103191973442,-0.814057020143461
13.043,1675,2000,0.578958511151153,-0.220449605611709,-0.808063930407026
13.06,1675,2000,0.578964964531341,-0.220325455259109,-0.808932089729584
13.077,1675,2000,0.57931893156941,-0.217853771854289,-0.822996261538446
13.094,1675,2000,0.580862219189207,-0.216189327053499,-0.828092545834918
13.111,1675,2000,0.58088293344885,-0.215939803297229,-0.828839164023553
13.128,1675,2000,0.581403544495738,-0.20966852803992,-0.847603903073001
13.145,1675,2000,0.581454864812792,-0.209587484763908,-0.847392578510045
13.162,1675,2000,0.582744697249379,-0.207550625832236,-0.842081362765528
13.179,1675,2000,0.58274355075872,-0.207517828700029,-0.842142359217402
13.196,1675,2000,0.582629744012539,-0.204262211331507,-0.848197190684999
13.213,1675,2000,0.582646540520791,-0.204219625174722,-0.848305646222575
13.23,1675,2000,0.584707624778857,-0.198011524647693,-0.861782696908361
13.247,1675,2000,0.584521309993434,-0.195597850105761,-0.862203428251359
13.264,1675,2000,0.584519263847589,-0.195586165290121,-0.862204480435984
13.281,1675,2000,0.585851710899482,-0.193478771446718,-0.862515858916622
13.298,1675,2000,0.585865133988615,-0.193457541533411,-0.862518995747533
13.315,1675,2000,0.585097697649597,-0.189658006952418,-0.862741106439407
13.332,1675,2000,0.587014879304469,-0.182866829592753,-0.875839641835014
13.349,1675,2000,0.587170696639513,-0.182511109700388,-0.876868076397147
13.366,1675,2000,0.587062812894974,-0.179401747918405,-0.894486342532561
13.383,1675,2000,0.587320560404979,-0.178651792311344,-0.892960003041927
13.4,1675,2000,0.587922703298683,-0.178285492804259,-0.887646101803264
13.417,1675,2000,0.58831095884252,-0.178153786057245,-0.884219752946724
13.434,1675,2000,0.588316613924612,-0.17815237753807,-0.884169846939282
13.451,1675,2000,0.588316613924612,-0.17815237753807,-0.884169846939282
13.468,1675,2000,0.588316613924612,-0.17815237753807,-0.884169846939282
13.485,1675,2000,0.588316613924612,-0.17815237753807,-0.884169846939282
13.502,1675,2000,0.588316613924612,-0.17815237753807,-0.884169846939282
13.519,1675,2000,0.588316613924612,-0.17815237753807,-0.884169846939282
13.536,1675,2000,0.588840372412194,-0.176976143638104,-0.888039757535322
13.553,1675,2000,0.589279287119334,-0.175990448188824,-0.891282780257029
13.57,1675,2000,0.589279287119334,-0.175990448188824,-0.891282780257029
13.587,1675,2000,0.591798732172029,-0.158410801454374,-0.911892998075617
13.604,1675,2000,0.593074071093331,-0.149512013334668,-0.922325856268905
13.621,1675,2000,0.593074071093331,-0.149512013334668,-0.922325856268905
13.638,1675,2000,0.593932638708452,-0.148146627028301,-0.929375094766268
13.655,1675,2000,0.594434762284651,-0.147348096262675,-0.933497762313272
13.672,1675,2000,0.59547276200173,-0.143872426087155,-0.938472826831853
13.689,1675,2000,0.596079824416912,-0.141839719626439,-0.941382437145462
13.706,1675,2000,0.596632316897444,-0.139304174091666,-0.948665577851466
13.723,1675,2000,0.59801315458561,-0.132967116198849,-0.966868242194311
13.74,1675,2000,0.59801315458561,-0.132967116198849,-0.966868242194311
13.757,1675,2000,0.598444445434691,-0.13269823592683,-0.964370860645033
13.774,1675,2000,0.599676705003495,-0.131930006578207,-0.957235484789956
13.791,1675,2000,0.599676705003495,-0.131930006578207,-0.957235484789956
13.808,1675,2000,0.599676705003495,-0.131930006578207,-0.957235484789956
13.825,1675,2000,0.600140697829315,-0.130377251524846,-0.959530578547099
13.842,1675,2000,0.602990072377409,-0.120841800797455,-0.973624722622567
13.859,1675,2000,0.60310466483408,-0.12067225617577,-0.973793953881547
13.876,1675,2000,0.60499362281239,-0.117360064727382,-0.97872097897335
13.893,1675,2000,0.607303197928501,-0.112026245277312,-0.991972436520241
13.91,1675,2000,0.607376111177238,-0.111936735077737,-0.993344583126655
13.927,1675,2000,0.60818769864713,-0.110940409201969,-1.00861776066174
13.944,1675,2000,0.60818769864713,-0.110940409201969,-1.00861776066174
13.961,1675,2000,0.60818769864713,-0.110940409201969,-1.00861776066174
13.978,1675,2000,0.608822470018465,-0.109928906266747,-1.01053774658997
13.995,1675,2000,0.624776165388442,-0.0845068245171579,-1.05879271207346
14.012,1675,2000,0.624800287723884,-0.0844204875089915,-1.05905188115898
14.029,1675,2000,0.625944943006996,-0.0809808213305119,-1.06628821207603
14.046,1675,2000,0.627262649795401,-0.0789167324065252,-1.05941106455861
14.063,1675,2000,0.627262649795401,-0.0789167324065252,-1.05941106455861
14.08,1675,2000,0.627262649795401,-0.0789167324065252,-1.05941106455861
14.097,1675,2000,0.631381011700126,-0.0714128287589631,-1.08300078821171
14.114,1675,2000,0.631544874565329,-0.0711142607408171,-1.08393938462373
14.131,1675,2000,0.634312725911369,-0.0702979187505342,-1.08427651674332
14.148,1675,2000,0.634340543604995,-0.066777534392424,-1.09230316754275
14.165,1675,2000,0.634337268602359,-0.0666642505697803,-1.09260858272737
14.182,1675,2000,0.635255811880624,-0.0646009344665251,-1.09280679490968
14.199,1675,2000,0.635338334069554,-0.0644155655619514,-1.09282460234842
14.216,1675,2000,0.63724644628189,-0.0645170734927804,-1.10085475185451
14.233,1675,2000,0.637322366937111,-0.0645211123268536,-1.10117425833221
14.25,1675,2000,0.637902269324593,-0.0609800272316928,-1.10144440382718
14.267,1675,2000,0.64276257602191,-0.0537043443630121,-1.12515817400276
14.284,1675,2000,0.6431389595498,-0.0532941993487466,-1.12725548933599
14.301,1675,2000,0.6431389595498,-0.0532941993487466,-1.12725548933599
14.318,1675,2000,0.6431389595498,-0.0532941993487466,-1.12725548933599
14.335,1675,2000,0.644060785884733,-0.0517784436629019,-1.11507125179858
14.352,1675,2000,0.648077746485134,-0.047132033898604,-1.12117358025314
14.369,1675,2000,0.648550811795492,-0.0466392536274371,-1.12249037359145
14.386,1675,2000,0.649762187590737,-0.0447103442674584,-1.13012243050314
14.403,1675,2000,0.649959448311951,-0.044396240210733,-1.13136523645705
14.42,1675,2000,0.651394170379552,-0.0434944514610772,-1.12633230795624
14.437,1675,2000,0.65165985965133,-0.0433274535444745,-1.12540028415979
14.454,1675,2000,0.65165985965133,-0.0433274535444745,-1.12540028415979
14.471,1675,2000,0.65165985965133,-0.0433274535444745,-1.12540028415979
14.488,1675,2000,0.663759478996217,-0.0319773795326899,-1.16670588180673
14.505,1675,2000,0.665729783874153,-0.0301291307942035,-1.17343209510402
14.522,1675,2000,0.665729783874153,-0.0301291307942035,-1.17343209510402
14.539,1675,2000,0.666338552572611,-0.0296474735014075,-1.17110994113079
14.556,1675,2000,0.668338552663115,-0.0274769875099079,-1.17561455628121
14.573,1675,2000,0.668858302821154,-0.0267988709037361,-1.17904329058435
14.59,1675,2000,0.672454891983724,-0.0254429376170125,-1.19170395630298
14.607,1675,2000,0.67427547947304,-0.0247565664284854,-1.19811276436303
14.624,1675,2000,0.675702199917783,-0.0248337144430191,-1.20492654139423
14.641,1675,2000,0.67627305073124,-0.0248645824431346,-1.20765282892681
14.658,1675,2000,0.677244009698338,-0.0227050369054623,-1.20483184245467
14.675,1675,2000,0.677811864087805,-0.0214420510797213,-1.2031820203663
14.692,1675,2000,0.678873452404729,-0.0214995341795574,-1.21524461237822
14.709,1675,2000,0.679410826656064,-0.021528632029681,-1.22135067651649
14.726,1675,2000,0.683232254942373,-0.0187823127472741,-1.22324617088893
14.743,1675,2000,0.685467174130461,-0.0171761589217896,-1.2243547293719
14.76,1675,2000,0.687091912645463,-0.0162498077656175,-1.22858008936132
14.777,1675,2000,0.693538332538317,-0.0125743557062392,-1.24534490686194
14.794,1675,2000,0.694852641883785,-0.011824996981435,-1.24876295233251
14.811,1675,2000,0.694852641883785,-0.011824996981435,-1.24876295233251
14.828,1675,2000,0.694852641883785,-0.011824996981435,-1.24876295233251
14.845,1675,2000,0.695480021000401,-0.00994278156703868,-1.24894264293873
14.862,1675,2000,0.696005770802578,-0.00836546674165639,-1.24909322541458
14.879,1675,2000,0.696456334112436,-0.00803408628237364,-1.25112431173835
14.896,1675,2000,0.701864273222258,-0.00623560368643167,-1.26599673029544
14.913,1675,2000,0.705978694125925,-0.00538312192599655,-1.27473407967851
14.93,1675,2000,0.710020970133442,-0.00184543351548476,-1.28394185001051
14.947,1675,2000,0.71484463252991,0.00237610269937871,-1.29492951523257
14.964,1675,2000,0.716125462387511,0.00230587769625369,-1.29933196889834
14.981,1675,2000,0.717653881230978,0.00222207794922102,-1.30458543258075
14.998,1675,2000,0.717917041983162,0.00244687588676007,-1.30415214796939
15.015,1675,2000,0.722198681266758,0.00561125523301278,-1.31143327192007
15.032,1675,2000,0.726825552832124,0.00880282607742,-1.32514984973237
15.049,1675,2000,0.727213939591668,0.00965428325699434,-1.32492519673766
15.066,1675,2000,0.727878031679141,0.0111101670168834,-1.32454106861654
15.083,1675,2000,0.727878031679141,0.0111101670168834,-1.32454106861654
15.1,1675,2000,0.728567148553129,0.0110722187523746,-1.32743426389534
15.117,1675,2000,0.730289449914115,0.010977375119781,-1.33466519141192
15.134,1675,2000,0.731926721270734,0.0122405371799561,-1.34057978004072
15.151,1675,2000,0.736018733514592,0.0153975426423161,-1.35536203894276
15.168,1675,2000,0.737047125580744,0.0163572294708852,-1.35558931628429
15.185,1675,2000,0.739617373273142,0.0187557630046804,-1.35615734775965
15.202,1675,2000,0.739617373273142,0.0187557630046804,-1.35615734775965
15.219,1675,2000,0.739617373273142,0.0187557630046804,-1.35615734775965
15.236,1675,2000,0.739617373273142,0.0187557630046804,-1.35615734775965
15.253,1675,2000,0.741912653519185,0.0196464354970011,-1.36239561729557
15.27,1675,2000,0.747649219319303,0.0218724823456853,-1.37798684792344
15.287,1675,2000,0.748454593267637,0.0218278579716825,-1.37876903020432
15.304,1675,2000,0.750467454510303,0.0217163288204176,-1.38072392879662
15.321,1675,2000,0.751082572374966,0.0213344168109058,-1.38342127405496
15.338,1675,2000,0.753855687468923,0.0210354322602022,-1.39046445051426
15.355,1675,2000,0.754623590649288,0.0226737740030902,-1.3905792186934
15.372,1675,2000,0.756362058283389,0.0231935366861671,-1.39368107141776
15.389,1675,2000,0.761329108666534,0.0246785729235297,-1.40254350777308
15.406,1675,2000,0.761704105911098,0.02466540945187,-1.40485070116526
15.423,1675,2000,0.764448171532285,0.0242387580309097,-1.413891736783
15.44,1675,2000,0.765626782898974,0.023250945124925,-1.41402887295275
15.457,1675,2000,0.767304582778973,0.0235290645552779,-1.41898364687565
15.474,1675,2000,0.776364702130964,0.0250309094791827,-1.44573942605927
15.491,1675,2000,0.778085966070556,0.0247106465456497,-1.4500743333988
15.508,1675,2000,0.785490530581596,0.0233329336352153,-1.46872231660848
15.525,1675,2000,0.785795379076166,0.0233159150522383,-1.46875718168485
15.542,1675,2000,0.787906123544004,0.0231980798635822,-1.4689985844419
15.559,1675,2000,0.787906123544004,0.0231980798635822,-1.4689985844419
15.576,1675,2000,0.788703157614781,0.0234536621095076,-1.47050940654869
15.593,1675,2000,0.794221752213523,0.0252232913557506,-1.48097020744024
15.61,1675,2000,0.794314211363493,0.0252181190210356,-1.48139797999096
15.627,1675,2000,0.796637985212488,0.0250881228426936,-1.4921491784066
15.644,1675,2000,0.796828253700765,0.0251229954088172,-1.49218107453698
15.661,1675,2000,0.801610267568357,0.0259994468712312,-1.49298271930313
15.678,1675,2000,0.801687323254553,0.0259951296188735,-1.49341185411282
15.695,1675,2000,0.803623962176242,0.0258866242072218,-1.50419729015412
15.712,1675,2000,0.80383436271141,0.0259180326799666,-1.50506325157765
15.729,1675,2000,0.810608662341939,0.0267027695558074,-1.52705423944475
15.746,1675,2000,0.812625790374035,0.0265717804606735,-1.52727529808161
15.763,1675,2000,0.812651316964683,0.0265822201156118,-1.52728087628318
15.78,1675,2000,0.815185221799605,0.0276185156588751,-1.5278345981689
15.797,1675,2000,0.815185221799605,0.0276185156588751,-1.5278345981689
15.814,1675,2000,0.815185221799605,0.0276185156588751,-1.5278345981689
15.831,1675,2000,0.815265877922647,0.0276496263761372,-1.52801572252508
15.848,1675,2000,0.823272232667132,0.0307378412488424,-1.54599508718756
15.865,1675,2000,0.823296348867384,0.030736483114695,-1.54611171691886
15.882,1675,2000,0.82569025086783,0.0306016675128031,-1.55768900289964
15.899,1675,2000,0.82569025086783,0.0306016675128031,-1.55768900289964
15.916,1675,2000,0.833814653699664,0.0313239788682939,-1.58888315447163
15.933,1675,2000,0.833896499040692,0.0313312554423932,-1.58919740476502
15.95,1675,2000,0.845015555450435,0.031872573440152,-1.61436173425976
15.967,1675,2000,0.847708882921212,0.0317459430498715,-1.60369685212179
15.984,1675,2000,0.847747289033722,0.0317412525798817,-1.60330912527789
16.001,1675,2000,0.849842780482539,0.0315934421234516,-1.61243233386678
16.018,1675,2000,0.8596897330497,0.0321654456853043,-1.64792322731228
16.035,1675,2000,0.860391410660299,0.0322178969943856,-1.65035476304985
16.052,1675,2000,0.860391410660299,0.0322178969943856,-1.65035476304985
16.069,1675,2000,0.860391410660299,0.0322178969943856,-1.65035476304985
16.086,1675,2000,0.862257091100946,0.0321120678447666,-1.65061471743645
16.103,1675,2000,0.862406345536198,0.0321036015127971,-1.65063551378738
16.12,1675,2000,0.864255112532801,0.0319986950956449,-1.66216511623803
16.137,1675,2000,0.864421206284714,0.0319892702733409,-1.66320093899591
16.154,1675,2000,0.871076202763582,0.0316113360224898,-1.67549060039667
16.171,1675,2000,0.871674089536861,0.0315773823020828,-1.67659470706644
16.188,1675,2000,0.873434375137325,0.0314773363840754,-1.67683929533419
16.205,1675,2000,0.873688607908506,0.0314628870521183,-1.67687462048432
16.222,1675,2000,0.873688607908506,0.0314628870521183,-1.67687462048432
16.239,1675,2000,0.879655372750094,0.0290729302550782,-1.70915939687816
16.256,1675,2000,0.880627002149149,0.0286837491245784,-1.71441665750749
16.273,1675,2000,0.882096106861164,0.0276572667393194,-1.71463674592675
16.29,1675,2000,0.882483409415128,0.0273866534561691,-1.71469476820806
16.307,1675,2000,0.883904455012075,0.0273057996917979,-1.71504985463376
16.324,1675,2000,0.886813090338167,0.0271402501161743,-1.71547870132745
16.341,1675,2000,0.887314146819688,0.0271117257214231,-1.71552893294948
16.358,1675,2000,0.891352323320537,0.0254934888576464,-1.73038447264142
16.375,1675,2000,0.894240807217614,0.0243359735480277,-1.74101055279754
16.392,1675,2000,0.895773005172988,0.0242486556258478,-1.73468972115437
16.409,1675,2000,0.897057001963124,0.0241754823577285,-1.72939280275532
16.426,1675,2000,0.897057001963124,0.0241754823577285,-1.72939280275532
16.443,1675,2000,0.898151379599682,0.0241130895572183,-1.73616459788631
16.46,1675,2000,0.899068478704018,0.0240608037835024,-1.74183942807465
16.477,1675,2000,0.911142915075091,0.0197502887275024,-1.77658033519419
16.494,1675,2000,0.923850746002597,0.0146633464123556,-1.80602129761381
16.511,1675,2000,0.924454818707164,0.0142945908917413,-1.80608853805186
16.528,1675,2000,0.925843672420517,0.0136744697419488,-1.8133762066771
16.545,1675,2000,0.927500996516853,0.0129344769591828,-1.822072607675
16.562,1675,2000,0.927500996516853,0.0129344769591828,-1.822072607675
16.579,1675,2000,0.932471626908036,0.011569385213592,-1.83401945920046
16.596,1675,2000,0.938403097906088,0.00994041635825038,-1.84827567979313
16.613,1675,2000,0.939606548467279,0.00933154642283508,-1.85627487556937
16.63,1675,2000,0.941042630319987,0.00860497975436836,-1.86582034445771
16.647,1675,2000,0.94176188082101,0.00828614479371693,-1.86591370505079
16.664,1675,2000,0.9449549028004,0.00609662656863735,-1.8712486012032
16.681,1675,2000,0.946148614935963,0.00476278541861941,-1.8792397371358
16.698,1675,2000,0.949419486150717,0.0040823594680473,-1.8928823058617
16.715,1675,2000,0.9539922501845,0.00313110608320155,-1.91195497595546
16.732,1675,2000,0.955027074082802,0.00307175873360765,-1.91673759390795
16.749,1675,2000,0.95679649166953,0.00297028229469909,-1.92491526387637
16.766,1675,2000,0.957183397787943,0.00295332734902153,-1.92041650639192
16.783,1675,2000,0.959733018313761,0.00239661868331876,-1.9241150182606
16.8,1675,2000,0.96143096533542,0.00152279440787506,-1.94661769238589
16.817,1675,2000,0.963490827700723,0.001404503254623,-1.95419502090147
16.834,1675,2000,0.968639016475543,0.00110885962445106,-1.97313294523279
16.851,1675,2000,0.969129912256315,0.00109049626489192,-1.96961006812777
16.868,1675,2000,0.972101184330476,0.000217022717539259,-1.97113958819934
16.885,1675,2000,0.973494479453006,-0.00153152334571072,-1.99696773681136
16.902,1675,2000,0.974078941362858,-0.00156512450591072,-1.99973391102119
16.919,1675,2000,0.976295905173102,-0.00169257944333268,-2.01022648207272
16.936,1675,2000,0.976295905173102,-0.00169257944333268,-2.01022648207272
16.953,1675,2000,0.976295905173102,-0.00169257944333268,-2.01022648207272
16.97,1675,2000,0.976649779309227,-0.00179183697064006,-2.01112521316946
16.987,1675,2000,0.983438346090873,-0.00369594999818624,-2.02836607777688
17.004,1675,2000,0.991132844593051,-0.0058541662034158,-2.04790772937508
17.021,1675,2000,0.992165383841617,-0.00614378130154858,-2.05053006041475
17.038,1675,2000,0.992165383841617,-0.00614378130154858,-2.05053006041475
17.055,1675,2000,0.992165383841617,-0.00614378130154858,-2.05053006041475
17.072,1675,2000,0.992644178746434,-0.00633635433213396,-2.05421561272558
17.089,1675,2000,0.995584452689531,-0.00751894307373657,-2.07684854661107
17.106,1675,2000,0.995584452689531,-0.00751894307373657,-2.07684854661107
17.123,1675,2000,0.995939088000606,-0.00771951897157884,-2.07786556973481
17.14,1675,2000,1.00485212972839,-0.0127605887444657,-2.10342639026478
17.157,1675,2000,1.00495908426973,-0.0127667565260513,-2.10296388779727
17.174,1675,2000,1.00764717048162,-0.0129217712494114,-2.09133982312189
17.191,1675,2000,1.00775546874105,-0.0130179644465685,-2.0923101772528
17.208,1675,2000,1.01047732659107,-0.0154355860240472,-2.11669806697925
17.225,1675,2000,1.01080985131623,-0.0156383543155304,-2.1192218349353
17.242,1675,2000,1.02130256643063,-0.0223243402793046,-2.18113241701254
17.259,1675,2000,1.02394904629938,-0.0244237696664582,-2.14294978588642
17.276,1675,2000,1.02400469089423,-0.0245072768630039,-2.14514153062442
17.293,1675,2000,1.02557164268537,-0.0268588395177245,-2.2068610624463
17.31,1675,2000,1.02558659327062,-0.0268646517509958,-2.20635094877643
17.327,1675,2000,1.02890984821299,-0.0284104579744669,-2.15625239840343
17.344,1675,2000,1.03840810726088,-0.0369451855528231,-2.2096610266328
17.361,1675,2000,1.03840810726088,-0.0369451855528231,-2.2096610266328
17.378,1675,2000,1.03840810726088,-0.0369451855528231,-2.2096610266328
17.395,1675,2000,1.03840810726088,-0.0369451855528231,-2.2096610266328
17.412,1675,2000,1.03870815386158,-0.0371364083312231,-2.21056523372348
17.429,1675,2000,1.06849237153132,-0.0561181959667669,-2.30032162737751
17.446,1675,2000,1.06849237153132,-0.0561181959667669,-2.30032162737751
17.463,1675,2000,1.07444080204118,-0.0587780690317095,-2.34351061249414
17.48,1675,2000,1.0744565913148,-0.0587789812866483,-2.34351218624813
17.497,1675,2000,1.07602391839364,-0.0588695365524119,-2.34366840542023
17.514,1675,2000,1.07602391839364,-0.0588695365524119,-2.34366840542023
17.531,1675,2000,1.07602391839364,-0.0588695365524119,-2.34366840542023
17.548,1675,2000,1.07800273889656,-0.0589838965833822,-2.35419347218708
17.565,1675,2000,1.07800273889656,-0.0589838965833822,-2.35419347218708
17.582,1675,2000,1.08612110371508,-0.0629237194384817,-2.35528486281869
17.599,1675,2000,1.08612110371508,-0.0629237194384817,-2.35528486281869
17.616,1675,2000,1.08849678612886,-0.0653722294576129,-2.3992124921652
17.633,1675,2000,1.09146209083199,-0.0666985257909509,-2.3894247961572
17.65,1675,2000,1.09146209083199,-0.0666985257909509,-2.3894247961572
17.667,1675,2000,1.09343782967888,-0.0668128019561376,-2.44434865231214
17.684,1675,2000,1.09343782967888,-0.0668128019561376,-2.44434865231214
17.701,1675,2000,1.10133560205811,-0.0718838977873002,-2.44532238346059
17.718,1675,2000,1.10133560205811,-0.0718838977873002,-2.44532238346059
17.735,1675,2000,1.10354913297783,-0.0742121455793929,-2.48148607275879
17.752,1675,2000,1.10624588808671,-0.0756170132167263,-2.45581855846059
17.769,1675,2000,1.1062634342839,-0.075624450889376,-2.45555631348501
17.786,1675,2000,1.10797525524499,-0.0768348559366281,-2.48160617672021
17.803,1675,2000,1.10803604434162,-0.0768778390704083,-2.48253124288623
17.82,1675,2000,1.11937560450102,-0.0863712547162638,-2.53751065665727
17.837,1675,2000,1.11982678700048,-0.0867489821536012,-2.53969819735334
17.854,1675,2000,1.11982678700048,-0.0867489821536012,-2.53969819735334
17.871,1675,2000,1.11982678700048,-0.0867489821536012,-2.53969819735334
17.888,1675,2000,1.13017517212631,-0.0972538172997848,-2.63835185375293
17.905,1675,2000,1.13058691739692,-0.0976717874600981,-2.64227712092819
17.922,1675,2000,1.13058691739692,-0.0976717874600981,-2.64227712092819
17.939,1675,2000,1.13058691739692,-0.0976717874600981,-2.64227712092819
17.956,1675,2000,1.13232400235269,-0.0986807648341445,-2.59784621935034
17.973,1675,2000,1.14490586577443,-0.111295349554172,-2.68368203825102
17.99,1675,2000,1.14578276709925,-0.11222347441984,-2.69069033037889
18.007,1675,2000,1.1527170745727,-0.118150263774865,-2.69700168695618
18.024,1675,2000,1.15432902263289,-0.11952800432654,-2.69846882394582
18.041,1675,2000,1.15432902263289,-0.11952800432654,-2.69846882394582
18.058,1675,2000,1.15432902263289,-0.11952800432654,-2.69846882394582
18.075,1675,2000,1.15432902263289,-0.11952800432654,-2.69846882394582
18.092,1675,2000,1.15633137925508,-0.120540642791823,-2.69852117012649
18.109,1675,2000,1.15685926390985,-0.120807606378992,-2.69853497023842
18.126,1675,2000,1.16360063033966,-0.126570906271209,-2.7045315495994
18.143,1675,2000,1.16537786814587,-0.12809029474588,-2.70611243793402
18.16,1675,2000,1.16675718976663,-0.129064282129248,-2.7162609396862
18.177,1675,2000,1.16712082265276,-0.129321056066479,-2.71893640632611
18.194,1675,2000,1.16795587816824,-0.129897740323747,-2.74484179355821
18.211,1675,2000,1.17390726024833,-0.135023353485699,-2.76266997450759
18.228,1675,2000,1.17561298787701,-0.136582062886435,-2.7635758702302
18.245,1675,2000,1.17670964290672,-0.137356348748037,-2.73985936324664
18.262,1675,2000,1.17735100921926,-0.137809181092257,-2.72598903190432
18.279,1675,2000,1.17869306177259,-0.138597330504051,-2.75693312559893
18.296,1675,2000,1.17947794605621,-0.139058270789077,-2.77503042942743
18.313,1675,2000,1.17947794605621,-0.139058270789077,-2.77503042942743
18.33,1675,2000,1.18503886907152,-0.1450539178199,-2.77551046458325
18.347,1675,2000,1.18829111211242,-0.148560404293086,-2.77579120772438
18.364,1675,2000,1.18962952868558,-0.149945667613954,-2.7759833317982
18.381,1675,2000,1.19058689018733,-0.150936538318764,-2.77612075701807
18.398,1675,2000,1.19162343793502,-0.152216031117822,-2.79926011596174
18.415,1675,2000,1.19249207502997,-0.15328825852893,-2.81865112383073
18.432,1675,2000,1.19340721276222,-0.154271469525788,-2.80024356567629
18.449,1675,2000,1.20540418835783,-0.169311882638071,-2.82234268926934
18.466,1675,2000,1.21539821552451,-0.182474609317094,-2.87067945726525
18.483,1675,2000,1.21633414638047,-0.184044318877257,-2.87079024658166
18.5,1675,2000,1.2174509960135,-0.185917458901506,-2.8709224518686
18.517,1675,2000,1.2174509960135,-0.185917458901506,-2.8709224518686
18.534,1675,2000,1.21828789157605,-0.186782669667112,-2.88570208066111
18.551,1675,2000,1.21971887681815,-0.188262070314315,-2.91097337092961
18.568,1675,2000,1.22028411936832,-0.189338005767678,-2.90972653342767
18.585,1675,2000,1.22593612587478,-0.197139735214002,-2.93572515470052
18.602,1675,2000,1.23059055445619,-0.202133859968705,-2.98382483544994
18.619,1675,2000,1.23162586068661,-0.203411650034142,-2.97051867503321
18.636,1675,2000,1.23339610300008,-0.205596508943603,-2.9477668287608
18.653,1675,2000,1.2338828689242,-0.206030224803884,-2.96306049818588
18.67,1675,2000,1.23471517690257,-0.206771823903097,-2.98921073272406
18.687,1675,2000,1.23471517690257,-0.206771823903097,-2.98921073272406
18.704,1675,2000,1.2366599277503,-0.209172349608803,-2.99663107084713
18.721,1675,2000,1.24403669974637,-0.218277953456403,-3.02477768023494
18.738,1675,2000,1.24458475258627,-0.218766029443183,-3.03211780936881
18.755,1675,2000,1.24666361057802,-0.220617384991085,-3.05996017236634
18.772,1675,2000,1.24666361057802,-0.220617384991085,-3.05996017236634
18.789,1675,2000,1.24666361057802,-0.220617384991085,-3.05996017236634
18.806,1675,2000,1.24811251132292,-0.222406253391076,-3.0658282046548
18.823,1675,2000,1.25593657534536,-0.232066142751022,-3.09751557901245
18.84,1675,2000,1.25593657534536,-0.232066142751022,-3.09751557901245
18.857,1675,2000,1.25624144329737,-0.232442556341597,-3.10030714447979
18.874,1675,2000,1.25963488706926,-0.236632364900395,-3.1313796805952
18.891,1675,2000,1.25990774428784,-0.237006355199855,-3.13131515137156
18.908,1675,2000,1.26294488093314,-0.241169190434332,-3.1305968853465
18.925,1675,2000,1.26391622954855,-0.242425021257046,-3.13613998505509
18.942,1675,2000,1.27664978372838,-0.259105023330601,3.08534903290983
18.959,1675,2000,1.27834284631285,-0.261525095578329,3.08538466141501
18.976,1675,2000,1.27847308113778,-0.261851702004029,3.0853878365188
18.993,1675,2000,1.28010101644942,-0.265934282325282,3.08542752531612
19.01,1675,2000,1.28010101644942,-0.265934282325282,3.08542752531612
19.027,1675,2000,1.28010101644942,-0.265934282325282,3.08542752531612
19.044,1675,2000,1.28031019180025,-0.266194348500029,3.08543034870659
19.061,1675,2000,1.28704289265154,-0.275737870440158,3.08429017955002
19.078,1675,2000,1.28892441299227,-0.280392827845059,3.05385089088328
19.095,1675,2000,1.28899405075935,-0.280478700333084,3.05386442212811
19.112,1675,2000,1.29074425527786,-0.282636931747545,3.05420450261668
19.129,1675,2000,1.29077033560132,-0.282720262420527,3.05422043248125
19.146,1675,2000,1.29142581181594,-0.284814610451592,3.05462079742849
19.163,1675,2000,1.29161677964619,-0.285152192351895,3.05461231106687
19.18,1675,2000,1.29641637006075,-0.293636631069631,3.05439902352076
19.197,1675,2000,1.29645170974098,-0.29370232701872,3.0540926618429
19.214,1675,2000,1.29849924754035,-0.297508669864916,3.0363424413643
19.231,1675,2000,1.29995971391715,-0.300223655516041,3.02368157610571
19.248,1675,2000,1.30010064180595,-0.30051599654807,3.02374029771971
19.265,1675,2000,1.30364257943659,-0.307863397486014,3.02521614679487
19.282,1675,2000,1.30368213022352,-0.307898395773429,3.02523629977628
19.299,1675,2000,1.30492219664185,-0.308995724152893,3.02586817179266
19.316,1675,2000,1.30492219664185,-0.308995724152893,3.02586817179266
19.333,1675,2000,1.30649626924502,-0.312261933588685,3.02529831223305
19.35,1675,2000,1.30844512924223,-0.315545495595789,2.99669555057455
19.367,1675,2000,1.30844512924223,-0.315545495595789,2.99669555057455
19.384,1675,2000,1.31262764751805,-0.324225552564368,2.99690921414024
19.401,1675,2000,1.31262764751805,-0.324225552564368,2.99690921414024
19.418,1675,2000,1.31262764751805,-0.324225552564368,2.99690921414024
19.435,1675,2000,1.31262764751805,-0.324225552564368,2.99690921414024
19.452,1675,2000,1.31390147722594,-0.32535105086771,2.96818596692703
19.469,1675,2000,1.32667350977082,-0.347440259794532,2.91603568533726
19.486,1675,2000,1.32705496369722,-0.348120782863766,2.91478074824474
19.503,1675,2000,1.32896731518426,-0.352094164498153,2.91654605148453
19.52,1675,2000,1.32912030330322,-0.352412035028904,2.91668727574372
19.537,1675,2000,1.33074767830672,-0.354997179089032,2.91682352888968
19.554,1675,2000,1.3318017164243,-0.358636003470241,2.89073949280921
19.571,1675,2000,1.33183856289205,-0.358815065264355,2.88839499586463
19.588,1675,2000,1.33741967856036,-0.367017632433505,2.86725343659316
19.605,1675,2000,1.34028668180022,-0.372586296938116,2.86289538373399
19.622,1675,2000,1.34037568510428,-0.372785506276732,2.86282347856721
19.639,1675,2000,1.34171625396744,-0.375572520877797,2.84270144859537
19.656,1675,2000,1.34190986830874,-0.37597504103996,2.83979528414104
19.673,1675,2000,1.34410525940753,-0.38053923000072,2.81876731950689
19.69,1675,2000,1.34446275741367,-0.381282463611371,2.81534312076883
19.707,1675,2000,1.34446275741367,-0.381282463611371,2.81534312076883
19.724,1675,2000,1.34849124212337,-0.389657687596333,2.79886986564328
19.741,1675,2000,1.34955327834441,-0.391865662026524,2.79452699360015
19.758,1675,2000,1.35123106777972,-0.394242092200034,2.79467724584753
19.775,1675,2000,1.35181829408208,-0.395073842760762,2.79472983413411
19.792,1675,2000,1.35408641966588,-0.400326044091489,2.77829238709872
19.809,1675,2000,1.35499392844892,-0.402427523335812,2.7717155345374
19.826,1675,2000,1.35499392844892,-0.402427523335812,2.7717155345374
19.843,1675,2000,1.35967905058079,-0.413276716265292,2.7554698332727
19.86,1675,2000,1.36131884332694,-0.41707393379061,2.74978383783005
19.877,1675,2000,1.36131884332694,-0.41707393379061,2.74978383783005
19.894,1675,2000,1.36131884332694,-0.41707393379061,2.74978383783005
19.911,1675,2000,1.36251299576204,-0.419556291686577,2.74749530699493
19.928,1675,2000,1.36282781218333,-0.420210719887031,2.74689197774955
19.945,1675,2000,1.36981804733153,-0.440622218313726,2.71872042075162
19.962,1675,2000,1.37166089481787,-0.446003336083107,2.711293505648
19.979,1675,2000,1.37176474800686,-0.446806006797902,2.711293505648
19.996,1675,2000,1.3717921269983,-0.447017616232744,2.711293505648
20.013,1675,2000,1.37246589901212,-0.449206362201399,2.71148955555692
20.03,1675,2000,1.37351523038379,-0.450134111947523,2.69660901233431
20.047,1675,2000,1.37365329700417,-0.450139250763661,2.69062371290703
20.064,1675,2000,1.37430622690136,-0.455196410346417,2.69106565958362
20.081,1675,2000,1.37456747328941,-0.457219850658241,2.6912424886329
20.098,1675,2000,1.37473281073103,-0.457827630037919,2.69127619349453
20.115,1675,2000,1.37536070915845,-0.460135780647881,2.69140419371885
20.132,1675,2000,1.37589817318938,-0.46211149499377,2.69151375844066
20.149,1675,2000,1.37595111955577,-0.462306125498548,2.69152455182137
20.166,1675,2000,1.37795376333293,-0.47047130258261,2.69212763385138
20.183,1675,2000,1.37949724796094,-0.476184192938731,2.67549481785079
20.2,1675,2000,1.37959208842677,-0.476483299790269,2.66874324730262
20.217,1675,2000,1.37959208842677,-0.476483299790269,2.66874324730262
20.234,1675,2000,1.37959208842677,-0.476483299790269,2.66874324730262
20.251,1675,2000,1.3803777294144,-0.479037497617873,2.67117531826825
20.268,1675,2000,1.38083720267587,-0.480531291379628,2.67259768751363
20.285,1675,2000,1.38333595353304,-0.487553854111139,2.66062467246656
20.302,1675,2000,1.38479731976015,-0.491660920637664,2.65362238979547
20.319,1675,2000,1.38505237244054,-0.493653249247806,2.64432837794842
20.336,1675,2000,1.38530742512092,-0.495645577857946,2.63503436610138
20.353,1675,2000,1.38530742512092,-0.495645577857946,2.63503436610138
20.37,1675,2000,1.38745133195255,-0.50192720267641,2.62753306548591
20.387,1675,2000,1.39121969669577,-0.512744302392402,2.60277819209097
20.404,1675,2000,1.39157994256686,-0.513718998708317,2.5955848234732
20.421,1675,2000,1.39171606325317,-0.514148563990766,2.59483050681369
20.438,1675,2000,1.39293276500182,-0.517988192224129,2.5880881194256
20.455,1675,2000,1.39480633113841,-0.523900731959624,2.57770569932623
20.472,1675,2000,1.39659231535661,-0.529536883494836,2.5678086169217
20.489,1675,2000,1.39754627135008,-0.532547347127345,2.56252224261813
20.506,1675,2000,1.39757218226365,-0.532629115954765,2.5623786565527
20.523,1675,2000,1.39757218226365,-0.532629115954765,2.5623786565527
20.54,1675,2000,1.39757218226365,-0.532629115954765,2.5623786565527
20.557,1675,2000,1.39757218226365,-0.532629115954765,2.5623786565527
20.574,1675,2000,1.39757218226365,-0.532629115954765,2.5623786565527
20.591,1675,2000,1.39809589178497,-0.534744549480665,2.55063344020916
20.608,1675,2000,1.39830543529251,-0.535590964034772,2.54593401480411
20.625,1675,2000,1.39830543529251,-0.535590964034772,2.54593401480411
20.642,1675,2000,1.4026351032707,-0.5502408133584,2.52682715060743
20.659,1675,2000,1.40267872040288,-0.550388396133247,2.52663466780611
20.676,1675,2000,1.40523911156183,-0.559818159749465,2.51231386358805
20.693,1675,2000,1.40534098532646,-0.560193354576946,2.51174406227736
20.71,1675,2000,1.40680119091751,-0.569183760479963,2.4943683999412
20.727,1675,2000,1.40691800736479,-0.569902992952204,2.49297834695431
20.744,1675,2000,1.40691800736479,-0.569902992952204,2.49297834695431
20.761,1675,2000,1.40723650667635,-0.572436964416712,2.47630320356292
20.778,1675,2000,1.40728250657692,-0.572802938317394,2.47389486260216
20.795,1675,2000,1.40925129376243,-0.583610165202424,2.47862988007012
20.812,1675,2000,1.4095718915337,-0.585370016586304,2.47940093143532
20.829,1675,2000,1.40966981521595,-0.586149912662565,2.4642583727763
20.846,1675,2000,1.40969257854023,-0.586331207185788,2.46073833589445
20.863,1675,2000,1.40969257854023,-0.586331207185788,2.46073833589445
20.88,1675,2000,1.40969257854023,-0.586331207185788,2.46073833589445
20.897,1675,2000,1.41007425572335,-0.589370979332433,2.46099751133332
20.914,1675,2000,1.41017487792312,-0.590172359592287,2.46106583819157
20.931,1675,2000,1.41103107843854,-0.594977165815731,2.46137719980409
20.948,1675,2000,1.41137365624522,-0.596899636017417,2.46150177994201
20.965,1675,2000,1.41139834017709,-0.615140741763376,2.43706955054821
20.982,1675,2000,1.41140821656363,-0.622439263412657,2.42729387369757
20.999,1675,2000,1.4113312160767,-0.627064379422493,2.42551309505379
21.016,1675,2000,1.41138838560183,-0.633038464751399,2.40688888943744
21.033,1675,2000,1.41142358702968,-0.63370840573574,2.40100910744021
21.05,1675,2000,1.41100617987922,-0.635352850670488,2.40327681048777
21.067,1675,2000,1.41072000691105,-0.636480276703941,2.4048315402315
21.084,1675,2000,1.41044198978517,-0.63757557788008,2.40797368888015
21.101,1675,2000,1.41025138215895,-0.638326512760511,2.41012793564914
21.118,1675,2000,1.41077230772839,-0.643939879594264,2.40347047149992
21.135,1675,2000,1.41120884842257,-0.648643935601599,2.39789145178641
21.152,1675,2000,1.4107624952605,-0.64963343111018,2.38839907713568
21.169,1675,2000,1.41038844696906,-0.650462637971093,2.38044437484702
21.186,1675,2000,1.41038844696906,-0.650462637971093,2.38044437484702
21.203,1675,2000,1.41029023751345,-0.655960968700034,2.37651355530243
21.22,1675,2000,1.41017304381932,-0.662522146395768,2.37182289430124
21.237,1675,2000,1.41060395550454,-0.664654638130558,2.37095645438333
21.254,1675,2000,1.41111816395749,-0.667199348133721,2.36992252853486
21.271,1675,2000,1.41111816395749,-0.667199348133721,2.36992252853486
21.288,1675,2000,1.41068604509113,-0.671793247842376,2.36128477284391
21.305,1675,2000,1.41008193154441,-0.678215640527173,2.3492089630786
21.322,1675,2000,1.41051539389202,-0.679596258257694,2.34932621334585
21.339,1675,2000,1.41125655951672,-0.68195693942957,2.34952669642829
21.356,1675,2000,1.41110043127759,-0.682566343189805,2.345685574121
21.373,1675,2000,1.41079199834804,-0.683770226536555,2.33809739780783
21.39,1675,2000,1.41079199834804,-0.683770226536555,2.33809739780783
21.407,1675,2000,1.41081752677285,-0.684537534505051,2.33819300305884
21.424,1675,2000,1.41091436044668,-0.687448064633354,2.33855565009876
21.441,1675,2000,1.41089854355553,-0.692967147549826,2.3259591555307
21.458,1675,2000,1.41083854738698,-0.713901971334429,2.27817850101306
21.475,1675,2000,1.41054891462579,-0.714267553489076,2.27764704460244
21.492,1675,2000,1.40947586836915,-0.717756800849936,2.26948438908544
21.509,1675,2000,1.40957289864761,-0.720180614289246,2.25886852236034
21.526,1675,2000,1.40950138820136,-0.720743158181847,2.26096846486836
21.543,1675,2000,1.4092301368696,-0.722876983210559,2.26893390532803
21.56,1675,2000,1.40889703639266,-0.725306409229006,2.26415630446042
21.577,1675,2000,1.40763352941281,-0.734521636897016,2.24603404868163
21.594,1675,2000,1.40763352941281,-0.734521636897016,2.24603404868163
21.611,1675,2000,1.40763352941281,-0.734521636897016,2.24603404868163
21.628,1675,2000,1.40746313303339,-0.736207292370865,2.24524070304706
21.645,1675,2000,1.40673011879027,-0.74345867573655,2.24182787437179
21.662,1675,2000,1.40673011879027,-0.74345867573655,2.24182787437179
21.679,1675,2000,1.40673011879027,-0.74345867573655,2.24182787437179
21.696,1675,2000,1.40667288678727,-0.743524318286149,2.24129592779236
21.713,1675,2000,1.40523447607356,-0.745174111088571,2.22792652572957
21.73,1675,2000,1.40523475512544,-0.745276944095575,2.22740017762965
21.747,1675,2000,1.40524176853042,-0.74786144387268,2.21417148203331
21.764,1675,2000,1.40517171504035,-0.748087894299075,2.21419004217683
21.781,1675,2000,1.40278459966771,-0.75600987894783,2.21539045319038
21.798,1675,2000,1.40216383571,-0.758421328628653,2.21907705894127
21.815,1675,2000,1.40216392502177,-0.758447987937328,2.21888553345247
21.832,1675,2000,1.40217279058242,-0.761094332374034,2.19987369717659
21.849,1675,2000,1.40214213417803,-0.761172545955412,2.19988641802351
21.866,1675,2000,1.39909901681172,-0.768936441053845,2.20114915678722
21.883,1675,2000,1.3990876374917,-0.768953552732799,2.201097959085
21.9,1675,2000,1.3979580658062,-0.770652148782436,2.19601580350116
21.917,1675,2000,1.39794787812357,-0.770678147144808,2.19602036162588
21.934,1675,2000,1.39693659468801,-0.773258882544262,2.19647282527157
21.951,1675,2000,1.39686258107566,-0.773425556774665,2.19618418162501
21.968,1675,2000,1.38906250416864,-0.791646437272147,2.16307510963646
21.985,1675,2000,1.38846066687636,-0.793996918788185,2.15635214113748
22.002,1675,2000,1.38846066687636,-0.793996918788185,2.15635214113748
22.019,1675,2000,1.38744901340634,-0.796579159500616,2.15885942782217
22.036,1675,2000,1.38744901340634,-0.796579159500616,2.15885942782217
22.053,1675,2000,1.3847442704909,-0.80170062708882,2.15216601676741
22.07,1675,2000,1.3847442704909,-0.80170062708882,2.15216601676741
22.087,1675,2000,1.38295064800091,-0.80598363975319,2.14154210264255
22.104,1675,2000,1.3818237819871,-0.80767387479969,2.13613489653319
22.121,1675,2000,1.3818237819871,-0.80767387479969,2.13613489653319
22.138,1675,2000,1.3818237819871,-0.80767387479969,2.13613489653319
22.155,1675,2000,1.3818237819871,-0.80767387479969,2.13613489653319
22.172,1675,2000,1.380155666055,-0.812824463303226,2.12968132671152
22.189,1675,2000,1.380155666055,-0.812824463303226,2.12968132671152
22.206,1675,2000,1.37634515837905,-0.819594379781716,2.12078841012729
22.223,1675,2000,1.37634515837905,-0.819594379781716,2.12078841012729
22.24,1675,2000,1.37598277739971,-0.821103601960555,2.11994113159708
22.257,1675,2000,1.37422013187622,-0.822872106440151,2.11591479529266
22.274,1675,2000,1.37410295682014,-0.822955093273631,2.11564813031363
22.291,1675,2000,1.37110713137076,-0.828422402267551,2.09852437127842
22.308,1675,2000,1.37086746533481,-0.828859786987064,2.0971544705556
22.325,1675,2000,1.3703652810315,-0.830969318650739,2.09332554269721
22.342,1675,2000,1.36916665889842,-0.833009780562207,2.08646705740138
22.359,1675,2000,1.369095781435,-0.833095762911093,2.08609811282087
22.376,1675,2000,1.36824138319976,-0.83528136398728,2.08097463347131
22.393,1675,2000,1.3681022527889,-0.835637267783828,2.08014032488137
22.41,1675,2000,1.36614034727763,-0.841135104484051,2.06194460536332
22.427,1675,2000,1.36568428302099,-0.842413130766858,2.05771483117273
22.444,1675,2000,1.36013049160169,-0.851029538289913,2.03644717727111
22.461,1675,2000,1.35706706777597,-0.856296395247621,2.03594909088786
22.478,1675,2000,1.35692829928895,-0.856566949244189,2.03729591692335
22.495,1675,2000,1.35692829928895,-0.856566949244189,2.03729591692335
22.512,1675,2000,1.35692829928895,-0.856566949244189,2.03729591692335
22.529,1675,2000,1.35274097105145,-0.862459939332884,2.01784921182351
22.546,1675,2000,1.35106556243206,-0.864817807125569,2.01006831300329
22.563,1675,2000,1.35062817244501,-0.866544299494841,2.01034809473698
22.58,1675,2000,1.3504257233653,-0.867343418820047,2.01047759371086
22.597,1675,2000,1.34911965428345,-0.867774792859761,2.0037276070765
22.614,1675,2000,1.34818543075195,-0.868083352172875,1.99889938134274
22.631,1675,2000,1.34599156859521,-0.870743689038332,1.99413300421983
22.648,1675,2000,1.34271015222345,-0.875569765931311,1.98873656367239
22.665,1675,2000,1.34235125816727,-0.876295544045745,1.9884422450296
22.682,1675,2000,1.34235125816727,-0.876295544045745,1.9884422450296
22.699,1675,2000,1.34120398970866,-0.8771617396605,1.98869323312432
22.716,1675,2000,1.34024256758098,-0.877887620011061,1.98890356358904
22.733,1675,2000,1.33797410226968,-0.881001538433727,1.98054064637622
22.75,1675,2000,1.33607310627369,-0.883611032360689,1.97353244040662
22.767,1675,2000,1.33504269108401,-0.884020138078759,1.97039058787938
22.784,1675,2000,1.33417919313231,-0.88436297264983,1.96775768490107
22.801,1675,2000,1.33225834455017,-0.886107361650065,1.96373165746309
22.818,1675,2000,1.33064865475443,-0.887569176599757,1.96035780730931
22.835,1675,2000,1.32795507831057,-0.890190583663645,1.95757733811652
22.852,1675,2000,1.32569783505047,-0.892387348281344,1.95524727788762
22.869,1675,1500,1.32462736052865,-0.893709715305418,1.95205859663547
22.886,1675,1500,1.32373029246696,-0.894817871734122,1.94938645073019
22.903,1675,1500,1.32288611128893,-0.89523422150763,1.94609929826837
22.92,1675,1500,1.32217867925049,-0.895583126667622,1.94334463253157
22.937,1675,1500,1.32159397712624,-0.895805441425937,1.94136559120408
22.954,1675,1500,1.3117608811721,-0.902489892003685,1.92022598771681
22.971,1675,1500,1.30533433209171,-0.907348644801095,1.90811018695308
22.988,1675,1500,1.30490636683575,-0.907583061806914,1.90644097165172
23.005,1675,1500,1.30258339764451,-0.908474683321473,1.89591970589374
23.022,1675,1500,1.30123949471575,-0.90882183402041,1.8889465440243
23.039,1675,1500,1.300786769293,-0.909233496694105,1.8898067363719
23.056,1675,1500,1.29949326808513,-0.910409675761803,1.89226442879362
23.073,1675,1500,1.29834605516,-0.911050968899313,1.88769064436162
23.09,1675,1500,1.29399448066935,-0.913483503258963,1.87034149912098
23.107,1675,1500,1.29399448066935,-0.913483503258963,1.87034149912098
23.124,1675,1500,1.29358906618549,-0.913986256734129,1.87095861447197
23.141,1675,1500,1.2920512598311,-0.915893286501392,1.8732994383594
23.158,1675,1500,1.29166012599271,-0.916048189675853,1.87145736774014
23.175,1675,1500,1.29017648856477,-0.916635763863464,1.86447007938141
23.192,1675,1500,1.28846024493563,-0.91759503693304,1.86156521935794
23.209,1675,1500,1.28195023983311,-0.921233723464269,1.8505465893372
23.226,1675,1500,1.28195023983311,-0.921233723464269,1.8505465893372
23.243,1675,1500,1.28157550504978,-0.921215371419341,1.84870509879326
23.26,1675,1500,1.27927426310273,-0.921102671724835,1.83739652677559
23.277,1675,1500,1.27927426310273,-0.921102671724835,1.83739652677559
23.294,1675,1500,1.27849919570956,-0.921583645937026,1.83634040091413
23.311,1675,1500,1.27102742507545,-0.925842094952584,1.82453648923472
23.328,1675,1500,1.26919793908902,-0.926432416119432,1.81894224824266
23.345,1675,1500,1.26917460746671,-0.926431276726378,1.81894744488807
23.362,1675,1500,1.26685858683586,-0.926318174526135,1.8194632914855
23.379,1675,1500,1.26680356538451,-0.926365159376211,1.81939468721306
23.396,1675,1500,1.26134184417256,-0.931029124902157,1.81258466310853
23.413,1675,1500,1.26129800328751,-0.931043523529555,1.81245789107183
23.43,1675,1500,1.25694612441312,-0.932472807685999,1.79987382604044
23.447,1675,1500,1.25684853663901,-0.932501097673887,1.79975049778208
23.464,1675,1500,1.24716145636804,-0.935309311981851,1.78750828046246
23.481,1675,1500,1.24716145636804,-0.935309311981851,1.78750828046246
23.498,1675,1500,1.24716145636804,-0.935309311981851,1.78750828046246
23.515,1675,1500,1.24707048216337,-0.935351297350342,1.78741480339516
23.532,1675,1500,1.23590712021224,-0.9405032837494,1.77594431744577
23.549,1675,1500,1.23581614600757,-0.940545269117891,1.77585084037847
23.566,1675,1500,1.23581614600757,-0.940545269117891,1.77585084037847
23.583,1675,1500,1.23581614600757,-0.940545269117891,1.77585084037847
23.6,1675,1500,1.22611364116914,-0.944975657843337,1.76455009425369
23.617,1675,1500,1.22601589800774,-0.945020289637651,1.76443625038854
23.634,1675,1500,1.22337772876061,-0.944892783911218,1.76496588096804
23.651,1675,1500,1.22335115180891,-0.944891499416852,1.76497121647347
23.668,1675,1500,1.22091812957555,-0.945569681856853,1.76561060985121
23.685,1675,1500,1.22083172963828,-0.945593765040091,1.76563331558196
23.702,1675,1500,1.21310545722113,-0.946805052008052,1.76063738461923
23.719,1675,1500,1.21279804151437,-0.94685324712974,1.7604386047206
23.736,1675,1500,1.21019478376008,-0.945965189820543,1.76093374667698
23.753,1675,1500,1.20998652313974,-0.945894145235807,1.76097335803349
23.77,1675,1500,1.20998652313974,-0.945894145235807,1.76097335803349
23.787,1675,1500,1.19989930210577,-0.945408080932661,1.74993563277742
23.804,1675,1500,1.19899306330392,-0.945364412777654,1.74894400040637
23.821,1675,1500,1.19899306330392,-0.945364412777654,1.74894400040637
23.838,1675,1500,1.19689284200647,-0.94527381223868,1.74943804569352
23.855,1675,1500,1.19336391109993,-0.944335147497305,1.74320468178458
23.872,1675,1500,1.19317835501883,-0.944260546229846,1.74264068702492
23.889,1675,1500,1.18656005274156,-0.94535930473587,1.74366720343691
23.906,1675,1500,1.18548232683227,-0.945538226831052,1.7438343616124
23.923,1675,1500,1.18019255384863,-0.944575667379035,1.73801335951254
23.94,1675,1500,1.17933116596395,-0.944418923970044,1.73706546615285
23.957,1675,1500,1.1698912140404,-0.94254806082904,1.7329339436636
23.974,1675,1500,1.16835401003486,-0.942243409032352,1.73226116556358
23.991,1675,1500,1.16835401003486,-0.942243409032352,1.73226116556358
24.008,1675,1500,1.16835401003486,-0.942243409032352,1.73226116556358
24.025,1675,1500,1.15872667524308,-0.941129174437817,1.7215988428458
24.042,1675,1500,1.15618860472828,-0.940835426891675,1.71878791671778
24.059,1675,1500,1.1543045517054,-0.941333748237286,1.72424088210325
24.076,1675,1500,1.15062250264232,-0.941405534310462,1.7210893070045
24.093,1675,1500,1.15000640428189,-0.941364472052698,1.71906468499565
24.11,1675,1500,1.14466076856714,-0.940627889517939,1.71628327093323
24.127,1675,1500,1.1408370667853,-0.940101016363665,1.71429374181564
24.144,1675,1500,1.13928973247911,-0.940476016108474,1.71391457501499
24.161,1675,1500,1.13799305127976,-0.940790269542208,1.71359682954792
24.178,1675,1500,1.1368092768048,-0.941182528172827,1.71389367218714
24.195,1675,1500,1.13581726228032,-0.941511244720746,1.71414242920618
24.212,1675,1500,1.13080002627967,-0.942373763095714,1.7123862548632
24.229,1675,1500,1.12169812380319,-0.943343413053904,1.71051839942228
24.246,1675,1500,1.12061993383899,-0.943260095859463,1.71083686097394
24.263,1675,1500,1.11944907024984,-0.943508433065744,1.7087964490754
24.28,1675,1500,1.11744704204996,-0.94393305818404,1.70530760357873
24.297,1675,1500,1.11660257807718,-0.943892912486315,1.70548073094836
24.314,1675,1500,1.11477811887674,-0.943806177954195,1.70585477156176
24.331,1675,1500,1.11148783126342,-0.94435591764988,1.70695625212794
24.348,1675,1500,1.10326445573983,-0.945729875336599,1.70970916901306
24.365,1675,1500,1.10226358143574,-0.945917610963386,1.70779481885168
24.382,1675,1500,1.09976210854897,-0.94638681631552,1.70301030694549
24.399,1675,1500,1.09890433882226,-0.946346190914292,1.70109118245732
24.416,1675,1500,1.09676052545258,-0.946244656346693,1.69629473813468
24.433,1675,1500,1.09200388709955,-0.946019775985811,1.69580465827997
24.45,1675,1500,1.07841349180515,-0.945377260669008,1.69440443012368
24.467,1675,1500,1.0779545797642,-0.945355602252248,1.69316015109867
24.484,1675,1500,1.07430573199213,-0.945183429126903,1.68788455366473
24.501,1675,1500,1.07240752090061,-0.945093902901379,1.68835780708588
24.518,1675,1500,1.07160973695287,-0.945056315127373,1.6885165378156
24.535,1675,1500,1.06272971217155,-0.944637930719421,1.69028334801216
24.552,1675,1500,1.06244138890311,-0.944692210985842,1.68973871011562
24.569,1675,1500,1.05923210175706,-0.945296397259976,1.68367641965249
24.586,1675,1500,1.05917364448663,-0.945273496408599,1.68334002799361
24.603,1675,1500,1.05505016688668,-0.944160086721256,1.67499117453068
24.62,1675,1500,1.04219012164251,-0.942849262143197,1.67764700007671
24.637,1675,1500,1.04211771230154,-0.942812624388813,1.67766812695411
24.654,1675,1500,1.03894564639427,-0.941917660903239,1.67794007358101
24.671,1675,1500,1.03617881889882,-0.942567409120339,1.67142975914216
24.688,1675,1500,1.03613528244044,-0.942548932245791,1.67141411972092
24.705,1675,1500,1.03181362257255,-0.940714819637589,1.66986166778423
24.722,1675,1500,1.03181362257255,-0.940714819637589,1.66986166778423
24.739,1675,1500,1.03181362257255,-0.940714819637589,1.66986166778423
24.756,1675,1500,1.01826586863115,-0.939256365917857,1.66487373993415
24.773,1675,1500,1.01826586863115,-0.939256365917857,1.66487373993415
24.79,1675,1500,1.01492400443535,-0.93746477762767,1.65809550540336
24.807,1675,1500,1.01489393922113,-0.937448659532326,1.65803452474668
24.824,1675,1500,1.01489393922113,-0.937448659532326,1.65803452474668
24.841,1675,1500,1.01183897907701,-0.938027072241261,1.66291142964452
24.858,1675,1500,1.01139776034348,-0.938110610654482,1.66361578639585
24.875,1675,1500,1.00544509544539,-0.936439905220388,1.66709331444036
24.892,1675,1500,1.00434275009389,-0.936130515325185,1.66773730111526
24.909,1675,1500,1.0015494648309,-0.935346649030076,1.66004498309033
24.926,1675,1500,1.00081306632406,-0.935139997036124,1.65801704431061
24.943,1675,1500,0.995369935322667,-0.93423249458683,1.65911543097402
24.96,1675,1500,0.993934953512887,-0.933993248184946,1.65940500050334
24.977,1675,1500,0.981601130104546,-0.929832863130722,1.6451736828944
24.994,1675,1500,0.967651292316308,-0.926435069964225,1.63866181518007
25.011,1675,1500,0.965627247758588,-0.926055667395226,1.63829940552518
25.028,1675,1500,0.963644466555151,-0.924996720570841,1.63657556149457
25.045,1675,1500,0.962226194823752,-0.924239262136458,1.63534250599974
25.062,1675,1500,0.960864710884935,-0.924188734443494,1.63565577944433
25.079,1675,1500,0.953994632456191,-0.92249163705683,1.63713269934063
25.096,1675,1500,0.95124504743454,-0.921240017297027,1.63769842190916
25.113,1675,1500,0.94864326878166,-0.921119625788684,1.63821337385075
25.13,1675,1500,0.944194557350924,-0.920913771582473,1.63909387634325
25.147,1675,1500,0.944194557350924,-0.920913771582473,1.63909387634325
25.164,1675,1500,0.944194557350924,-0.920913771582473,1.63909387634325
25.181,1675,1500,0.942163380659166,-0.920344945354117,1.63598197829569
25.198,1675,1500,0.937086885636817,-0.918923284930113,1.62820444962839
25.215,1675,1500,0.933417752349981,-0.918626579163435,1.63026938191281
25.232,1675,1500,0.920325715275138,-0.916641139892583,1.63444185702766
25.249,1675,1500,0.918346361555306,-0.915563464023374,1.63197159888866
25.266,1675,1500,0.917673328179019,-0.915358789837233,1.63128871960714
25.283,1675,1500,0.915120397674626,-0.914582425704829,1.62869844190319
25.3,1675,1500,0.914212138671634,-0.914645736515319,1.62837125936418
25.317,1675,1500,0.90792343231397,-0.915084095061867,1.62610587591469
25.334,1675,1500,0.907795332702105,-0.915135000138534,1.62614320810897
25.351,1675,1500,0.904070668869681,-0.915757741881565,1.62709238097655
25.368,1675,1500,0.897029478660797,-0.915416644249404,1.62834560185198
25.385,1675,1500,0.897029478660797,-0.915416644249404,1.62834560185198
25.402,1675,1500,0.895940442484588,-0.915335026654913,1.62812498639176
25.419,1675,1500,0.868569719438975,-0.913283733389109,1.62258026272405
25.436,1675,1500,0.868569719438975,-0.913283733389109,1.62258026272405
25.453,1675,1500,0.868569719438975,-0.913283733389109,1.62258026272405
25.47,1675,1500,0.868488348262066,-0.913263408926745,1.62256039881381
25.487,1675,1500,0.860411013476679,-0.911245894948378,1.62058860168266
25.504,1675,1500,0.860411013476679,-0.911245894948378,1.62058860168266
25.521,1675,1500,0.860411013476679,-0.911245894948378,1.62058860168266
25.538,1675,1500,0.860411013476679,-0.911245894948378,1.62058860168266
25.555,1675,1500,0.845545466019743,-0.906398629626314,1.6194120367239
25.572,1675,1500,0.845545466019743,-0.906398629626314,1.6194120367239
25.589,1675,1500,0.841288008172788,-0.905370122058855,1.62025421639868
25.606,1675,1500,0.837703086786604,-0.904371907839103,1.62109635483015
25.623,1675,1500,0.837703086786604,-0.904371907839103,1.62109635483015
25.64,1675,1500,0.825950463609252,-0.899698252652278,1.61119413633805
25.657,1675,1500,0.825832067528724,-0.89965117018843,1.61109438125867
25.674,1675,1500,0.821607292361695,-0.898630800914036,1.61192973003585
25.691,1675,1500,0.821564731921074,-0.898620521700539,1.61193814535042
25.708,1675,1500,0.817575021104004,-0.895950630132545,1.61265334159955
25.725,1675,1500,0.817534828704737,-0.895923733609759,1.61266054649598
25.742,1675,1500,0.813639639832409,-0.894917202668639,1.61349582938777
25.759,1675,1500,0.813600399648457,-0.894907062862695,1.61350424403861
25.776,1675,1500,0.806286991091808,-0.891253334207453,1.59926771807134
25.793,1675,1500,0.802263843974845,-0.891036392210088,1.60772746209282
25.81,1675,1500,0.802242683871194,-0.891035752224962,1.60781397593969
25.827,1675,1500,0.798063963437729,-0.888594784685658,1.60446038774414
25.844,1675,1500,0.793786549961969,-0.886489564350426,1.59682872904853
25.861,1675,1500,0.793690324482906,-0.886444892467217,1.59661148124379
25.878,1675,1500,0.78683107494458,-0.884607000790427,1.60086523272819
25.895,1675,1500,0.786133711758597,-0.884420146822211,1.60129770127609
25.912,1675,1500,0.783076460910561,-0.88298910022407,1.59476815423517
25.929,1675,1500,0.778687350434059,-0.881626230283235,1.59878062462012
25.946,1675,1500,0.778345346212142,-0.881540791518344,1.59960715987193
